booking_id,ride_id,rider_id,seats_booked,total_price,status,booked_at
1,1,572,1,5.17,confirmed,2015-05-09 19:26:00
2,1,570,1,5.17,confirmed,2015-05-09 23:26:00
3,1,526,1,5.17,confirmed,2015-05-09 12:26:00
4,1,419,1,5.17,confirmed,2015-05-08 17:26:00
5,2,587,1,4.97,confirmed,2015-05-10 20:46:00
6,2,535,1,4.97,confirmed,2015-05-10 07:46:00
7,3,151,1,13.01,confirmed,2015-05-10 19:15:00
8,3,66,1,13.01,confirmed,2015-05-12 01:15:00
9,3,173,1,13.01,confirmed,2015-05-12 07:15:00
10,3,447,1,13.01,confirmed,2015-05-11 18:15:00
11,4,973,4,103.96,confirmed,2015-05-13 23:24:00
12,5,452,1,13.43,confirmed,2015-05-14 23:29:00
13,5,344,2,26.86,confirmed,2015-05-13 22:29:00
14,5,442,2,26.86,confirmed,2015-05-13 10:29:00
15,6,335,2,8.12,cancelled,2015-05-16 06:32:00
16,6,387,2,8.12,confirmed,2015-05-17 07:32:00
18,7,186,1,9.4,confirmed,2015-05-17 07:24:00
19,7,700,1,9.4,cancelled,2015-05-16 16:24:00
20,8,144,1,8.7,confirmed,2015-05-17 00:12:00
21,8,650,1,8.7,confirmed,2015-05-16 17:12:00
22,8,312,1,8.7,confirmed,2015-05-17 01:12:00
23,8,249,1,8.7,confirmed,2015-05-17 08:12:00
24,9,610,1,3.27,confirmed,2015-05-17 13:22:00
25,9,655,1,3.27,confirmed,2015-05-19 05:22:00
27,9,89,1,3.27,confirmed,2015-05-18 22:22:00
28,9,113,1,3.27,confirmed,2015-05-16 16:22:00
29,10,458,2,14.12,confirmed,2015-05-17 04:00:00
30,10,385,1,7.06,confirmed,2015-05-19 17:00:00
31,11,109,1,4.27,confirmed,2015-05-19 14:42:00
32,11,304,1,4.27,confirmed,2015-05-17 22:42:00
33,11,427,1,4.27,confirmed,2015-05-18 12:42:00
34,11,944,1,4.27,confirmed,2015-05-17 23:42:00
35,12,70,1,7.66,confirmed,2015-05-29 17:00:00
36,12,309,1,7.66,confirmed,2015-05-30 15:00:00
37,12,47,1,7.66,confirmed,2015-05-28 14:00:00
39,13,575,2,14.96,confirmed,2015-05-31 22:17:00
40,14,407,1,4.2,confirmed,2015-06-01 07:10:00
41,14,31,1,4.2,confirmed,2015-06-02 10:10:00
42,14,757,1,4.2,confirmed,2015-06-03 05:10:00
43,14,630,1,4.2,confirmed,2015-05-31 17:10:00
44,15,376,1,1.62,confirmed,2015-06-02 05:43:00
45,15,335,3,4.86,cancelled,2015-05-31 19:43:00
46,16,613,2,4.42,confirmed,2015-06-02 06:00:00
47,16,399,2,4.42,cancelled,2015-06-03 04:00:00
48,16,627,2,4.42,cancelled,2015-06-03 16:00:00
49,17,322,1,1.72,confirmed,2015-06-04 15:06:00
50,17,122,2,3.44,confirmed,2015-06-02 21:06:00
51,18,430,1,2.03,confirmed,2015-06-03 22:29:00
52,18,612,1,2.03,confirmed,2015-06-03 22:29:00
53,18,143,1,2.03,confirmed,2015-06-04 20:29:00
54,18,590,1,2.03,confirmed,2015-06-04 15:29:00
55,19,498,2,14.22,confirmed,2015-06-05 18:21:00
56,20,420,1,3.33,confirmed,2015-06-12 05:11:00
57,20,703,1,3.33,confirmed,2015-06-11 11:11:00
58,20,505,1,3.33,confirmed,2015-06-11 11:11:00
59,20,427,1,3.33,confirmed,2015-06-10 05:11:00
60,21,564,1,5.65,confirmed,2015-06-09 18:25:00
61,21,525,1,5.65,confirmed,2015-06-12 10:25:00
62,21,117,1,5.65,confirmed,2015-06-10 09:25:00
63,21,588,1,5.65,confirmed,2015-06-11 08:25:00
64,22,897,2,6.52,confirmed,2015-06-13 17:58:00
65,22,35,2,6.52,cancelled,2015-06-13 13:58:00
66,22,462,1,3.26,confirmed,2015-06-12 08:58:00
67,23,171,1,10.39,cancelled,2015-06-14 01:24:00
68,23,632,1,10.39,confirmed,2015-06-11 12:24:00
69,23,144,1,10.39,confirmed,2015-06-12 19:24:00
70,23,805,1,10.39,confirmed,2015-06-11 15:24:00
71,24,140,4,72.52,cancelled,2015-06-12 23:59:00
72,25,720,1,18.13,confirmed,2015-06-13 01:01:00
73,25,888,1,18.13,confirmed,2015-06-12 16:01:00
74,26,147,1,18.13,confirmed,2015-06-14 11:04:00
75,26,593,1,18.13,confirmed,2015-06-13 09:04:00
76,26,649,1,18.13,confirmed,2015-06-12 06:04:00
77,26,277,1,18.13,confirmed,2015-06-14 09:04:00
78,27,652,1,6.4,confirmed,2015-06-12 19:00:00
80,27,716,1,6.4,confirmed,2015-06-13 09:00:00
81,27,368,1,6.4,confirmed,2015-06-14 05:00:00
82,28,809,1,11.22,confirmed,2015-06-12 12:17:00
83,28,353,1,11.22,confirmed,2015-06-14 02:17:00
84,28,917,1,11.22,confirmed,2015-06-12 16:17:00
86,29,164,2,54.58,confirmed,2015-06-13 09:42:00
87,29,897,2,54.58,confirmed,2015-06-14 10:42:00
88,29,957,1,27.29,confirmed,2015-06-13 16:42:00
89,30,441,1,8.9,confirmed,2015-06-15 08:01:00
90,30,673,1,8.9,confirmed,2015-06-14 16:01:00
91,31,233,1,7.6,confirmed,2015-06-14 19:10:00
92,31,533,2,15.2,confirmed,2015-06-12 21:10:00
93,31,698,1,7.6,confirmed,2015-06-14 23:10:00
94,31,457,3,22.8,cancelled,2015-06-14 21:10:00
95,31,10,2,15.2,confirmed,2015-06-13 20:10:00
96,32,393,1,10.31,confirmed,2015-06-14 17:37:00
97,32,794,1,10.31,confirmed,2015-06-15 10:37:00
98,33,452,3,5.4,confirmed,2015-06-14 17:05:00
99,33,361,2,3.6,confirmed,2015-06-13 04:05:00
100,34,224,1,8.5,confirmed,2015-06-13 07:03:00
101,34,90,1,8.5,confirmed,2015-06-14 06:03:00
102,34,920,1,8.5,confirmed,2015-06-14 06:03:00
103,34,104,1,8.5,confirmed,2015-06-15 10:03:00
104,34,145,1,8.5,confirmed,2015-06-12 20:03:00
105,34,772,1,8.5,confirmed,2015-06-14 00:03:00
106,34,128,1,8.5,confirmed,2015-06-14 07:03:00
107,35,397,1,3.15,confirmed,2015-06-15 16:59:00
108,35,117,1,3.15,cancelled,2015-06-15 01:59:00
109,35,248,1,3.15,cancelled,2015-06-13 12:59:00
110,35,513,1,3.15,confirmed,2015-06-14 19:59:00
111,36,979,1,7.6,confirmed,2015-06-14 18:32:00
112,36,790,1,7.6,cancelled,2015-06-13 19:32:00
113,36,76,1,7.6,confirmed,2015-06-13 05:32:00
114,36,18,1,7.6,confirmed,2015-06-13 18:32:00
115,37,657,2,7.3,confirmed,2015-06-14 18:35:00
117,39,402,1,9.73,confirmed,2015-06-14 03:54:00
118,39,602,1,9.73,confirmed,2015-06-15 23:54:00
119,39,651,2,19.46,confirmed,2015-06-16 03:54:00
120,40,684,2,12.06,confirmed,2015-06-16 02:52:00
121,40,761,1,6.03,confirmed,2015-06-14 23:52:00
122,40,675,5,30.15,confirmed,2015-06-15 10:52:00
123,41,382,3,8.22,confirmed,2015-06-16 13:37:00
124,41,131,1,2.74,confirmed,2015-06-14 22:37:00
125,42,538,1,18.64,confirmed,2015-06-14 13:21:00
126,42,67,2,37.28,confirmed,2015-06-16 09:21:00
127,42,271,2,37.28,confirmed,2015-06-16 17:21:00
128,43,235,1,5.11,confirmed,2015-06-17 09:39:00
129,44,49,3,16.32,confirmed,2015-06-16 16:20:00
130,44,485,2,10.88,cancelled,2015-06-17 07:20:00
131,45,231,1,2.81,confirmed,2015-06-17 03:32:00
132,45,331,1,2.81,confirmed,2015-06-17 06:32:00
133,45,256,1,2.81,confirmed,2015-06-14 18:32:00
135,46,888,1,33.55,confirmed,2015-06-14 16:38:00
136,46,291,1,33.55,confirmed,2015-06-16 13:38:00
137,46,794,1,33.55,confirmed,2015-06-16 00:38:00
138,46,867,1,33.55,confirmed,2015-06-14 23:38:00
139,47,752,3,96.93,confirmed,2015-06-28 05:42:00
140,47,924,1,32.31,confirmed,2015-06-27 08:42:00
141,48,240,3,31.38,confirmed,2015-07-07 16:48:00
142,49,2,2,21.68,cancelled,2015-07-06 08:31:00
143,49,779,1,10.84,confirmed,2015-07-06 17:31:00
144,49,675,2,21.68,confirmed,2015-07-07 16:31:00
145,50,730,1,9.1,confirmed,2015-07-07 18:38:00
146,50,288,4,36.4,confirmed,2015-07-07 00:38:00
147,51,999,1,1.44,confirmed,2015-09-04 12:21:00
148,51,767,1,1.44,confirmed,2015-09-06 07:21:00
149,51,88,1,1.44,confirmed,2015-09-05 22:21:00
150,51,596,1,1.44,confirmed,2015-09-04 22:21:00
151,52,719,1,3.54,confirmed,2015-09-08 07:25:00
152,52,853,1,3.54,cancelled,2015-09-08 19:25:00
153,52,755,1,3.54,confirmed,2015-09-08 15:25:00
154,52,336,1,3.54,confirmed,2015-09-07 08:25:00
156,54,317,1,5.91,confirmed,2015-09-09 00:47:00
157,54,476,1,5.91,confirmed,2015-09-08 21:47:00
158,54,273,1,5.91,confirmed,2015-09-09 07:47:00
159,54,874,1,5.91,confirmed,2015-09-10 08:47:00
160,55,308,2,11.82,cancelled,2015-09-07 16:50:00
161,55,268,1,5.91,confirmed,2015-09-10 02:50:00
162,55,841,1,5.91,confirmed,2015-09-10 08:50:00
163,55,180,1,5.91,confirmed,2015-09-08 12:50:00
164,55,32,2,11.82,confirmed,2015-09-10 05:50:00
165,55,976,2,11.82,cancelled,2015-09-10 06:50:00
166,56,68,2,4.22,cancelled,2015-09-09 01:17:00
167,57,96,2,4.36,confirmed,2015-09-08 23:31:00
168,57,928,1,2.18,confirmed,2015-09-09 03:31:00
169,58,510,1,2.55,confirmed,2015-09-10 17:15:00
170,58,31,1,2.55,confirmed,2015-09-09 11:15:00
171,58,393,1,2.55,confirmed,2015-09-10 13:15:00
172,58,701,1,2.55,confirmed,2015-09-08 22:15:00
173,59,64,2,5.32,confirmed,2015-09-09 16:26:00
174,59,91,2,5.32,confirmed,2015-09-09 14:26:00
176,59,394,4,10.64,confirmed,2015-09-09 21:26:00
177,60,936,2,5.26,confirmed,2015-09-11 17:32:00
178,60,581,1,2.63,confirmed,2015-09-11 12:32:00
179,60,516,1,2.63,cancelled,2015-09-11 05:32:00
180,61,830,4,9.84,confirmed,2015-09-11 16:03:00
181,62,104,2,7.1,confirmed,2015-09-13 02:03:00
182,62,255,2,7.1,confirmed,2015-09-11 08:03:00
183,63,959,1,3.83,confirmed,2015-09-11 17:42:00
184,63,861,2,7.66,cancelled,2015-09-13 06:42:00
185,63,867,2,7.66,cancelled,2015-09-12 15:42:00
186,64,858,2,11.8,confirmed,2015-09-12 14:29:00
187,64,831,2,11.8,confirmed,2015-09-13 05:29:00
188,65,618,1,5.9,confirmed,2015-09-13 14:06:00
189,65,226,2,11.8,cancelled,2015-09-12 13:06:00
190,66,350,1,14.74,cancelled,2015-09-11 23:07:00
191,66,736,1,14.74,confirmed,2015-09-12 22:07:00
192,67,868,3,10.77,cancelled,2015-09-14 04:15:00
193,68,723,2,3.98,confirmed,2015-09-14 23:43:00
194,68,966,2,3.98,confirmed,2015-09-15 22:43:00
195,68,680,2,3.98,confirmed,2015-09-14 04:43:00
196,69,326,2,5.12,confirmed,2015-09-15 23:33:00
197,69,180,2,5.12,confirmed,2015-09-15 08:33:00
198,69,726,1,2.56,confirmed,2015-09-16 21:33:00
199,69,993,2,5.12,cancelled,2015-09-16 17:33:00
200,69,577,1,2.56,confirmed,2015-09-15 17:33:00
201,69,712,1,2.56,cancelled,2015-09-16 03:33:00
203,70,81,1,5.7,cancelled,2015-09-15 17:39:00
204,70,245,4,22.8,confirmed,2015-09-16 09:39:00
205,71,711,3,15.57,confirmed,2015-09-17 02:19:00
206,71,71,1,5.19,confirmed,2015-09-15 07:19:00
207,72,994,1,6.26,cancelled,2015-09-15 23:22:00
208,72,172,1,6.26,confirmed,2015-09-15 06:22:00
209,72,907,1,6.26,confirmed,2015-09-17 10:22:00
210,72,425,1,6.26,confirmed,2015-09-16 03:22:00
211,73,976,2,5.44,confirmed,2015-09-15 20:33:00
212,73,109,1,2.72,confirmed,2015-09-14 22:33:00
213,73,77,1,2.72,confirmed,2015-09-15 07:33:00
214,74,443,2,2.96,confirmed,2015-09-17 07:07:00
215,75,55,2,2.72,confirmed,2015-09-18 16:20:00
216,75,105,2,2.72,confirmed,2015-09-16 19:20:00
217,76,678,1,4.66,confirmed,2015-09-20 08:06:00
218,76,290,2,9.32,confirmed,2015-09-20 12:06:00
219,76,306,1,4.66,confirmed,2015-09-20 21:06:00
220,77,206,1,1.62,confirmed,2015-09-22 01:56:00
221,77,101,1,1.62,cancelled,2015-09-20 20:56:00
222,77,27,1,1.62,confirmed,2015-09-21 02:56:00
223,77,213,1,1.62,confirmed,2015-09-20 10:56:00
224,78,381,2,6.0,confirmed,2015-09-20 11:39:00
225,78,908,1,3.0,confirmed,2015-09-20 09:39:00
226,79,233,1,4.53,confirmed,2015-09-22 21:19:00
227,79,859,1,4.53,confirmed,2015-09-20 12:19:00
229,80,862,4,31.36,cancelled,2015-09-21 07:20:00
230,81,705,1,3.95,confirmed,2015-09-22 11:25:00
231,81,889,1,3.95,confirmed,2015-09-21 15:25:00
232,81,960,1,3.95,confirmed,2015-09-20 23:25:00
233,82,125,2,6.0,confirmed,2015-09-22 21:10:00
234,82,974,1,3.0,cancelled,2015-09-23 02:10:00
236,84,844,1,1.68,cancelled,2015-09-25 01:51:00
237,84,644,2,3.36,cancelled,2015-09-26 02:51:00
238,85,399,4,32.04,confirmed,2015-09-25 05:53:00
239,86,941,1,3.59,confirmed,2015-09-26 00:52:00
240,86,896,1,3.59,confirmed,2015-09-26 07:52:00
241,86,13,1,3.59,confirmed,2015-09-26 07:52:00
242,86,807,1,3.59,cancelled,2015-09-24 23:52:00
243,87,272,1,2.05,confirmed,2015-09-25 09:19:00
244,87,394,1,2.05,confirmed,2015-09-24 17:19:00
245,87,672,1,2.05,confirmed,2015-09-25 02:19:00
246,87,499,1,2.05,confirmed,2015-09-24 08:19:00
247,88,920,3,8.76,cancelled,2015-09-25 07:12:00
248,88,383,3,8.76,confirmed,2015-09-24 07:12:00
250,89,309,3,11.73,confirmed,2015-09-25 15:07:00
251,89,999,2,7.82,confirmed,2015-09-26 21:07:00
252,90,454,2,8.98,confirmed,2015-09-24 14:58:00
253,90,218,2,8.98,cancelled,2015-09-24 15:58:00
254,91,68,3,7.5,confirmed,2015-09-26 21:42:00
255,91,320,3,7.5,cancelled,2015-09-27 11:42:00
256,92,199,1,2.58,cancelled,2015-09-26 10:39:00
257,92,898,1,2.58,confirmed,2015-09-25 19:39:00
258,93,282,2,3.22,confirmed,2015-09-27 16:46:00
259,93,379,3,4.83,confirmed,2015-09-26 08:46:00
261,94,458,2,4.64,confirmed,2015-09-26 23:27:00
262,95,852,1,1.58,confirmed,2015-09-27 18:40:00
263,95,707,1,1.58,confirmed,2015-09-27 19:40:00
264,95,94,2,3.16,confirmed,2015-09-26 04:40:00
265,95,293,1,1.58,cancelled,2015-09-28 20:40:00
266,95,29,2,3.16,cancelled,2015-09-27 23:40:00
267,95,397,1,1.58,confirmed,2015-09-27 06:40:00
268,96,435,2,10.78,confirmed,2015-09-28 05:35:00
269,96,918,2,10.78,confirmed,2015-09-26 14:35:00
270,96,387,2,10.78,confirmed,2015-09-29 08:35:00
271,97,576,2,9.58,confirmed,2015-09-28 20:33:00
272,97,664,2,9.58,confirmed,2015-09-27 22:33:00
273,97,610,2,9.58,cancelled,2015-09-28 00:33:00
274,98,194,1,3.25,cancelled,2015-09-27 09:08:00
275,98,155,2,6.5,confirmed,2015-09-29 09:08:00
277,99,416,1,3.65,confirmed,2015-09-28 10:11:00
278,99,399,1,3.65,cancelled,2015-09-27 17:11:00
279,99,756,1,3.65,cancelled,2015-09-26 15:11:00
280,99,37,1,3.65,confirmed,2015-09-27 02:11:00
281,100,760,3,5.16,cancelled,2015-09-28 16:24:00
282,100,266,3,5.16,cancelled,2015-09-29 04:24:00
283,101,365,1,4.41,confirmed,2015-09-29 00:24:00
284,102,809,1,3.01,confirmed,2015-09-28 07:36:00
285,102,910,1,3.01,confirmed,2015-09-30 09:36:00
286,102,341,1,3.01,cancelled,2015-09-28 02:36:00
287,102,382,1,3.01,cancelled,2015-09-28 18:36:00
288,103,307,1,6.1,confirmed,2015-09-30 11:58:00
289,103,425,1,6.1,confirmed,2015-09-29 02:58:00
290,103,56,1,6.1,confirmed,2015-09-30 13:58:00
291,104,501,2,2.46,confirmed,2015-09-30 17:44:00
292,105,651,2,14.74,confirmed,2015-09-30 20:10:00
293,105,60,1,7.37,confirmed,2015-10-01 06:10:00
294,105,5,1,7.37,confirmed,2015-09-29 11:10:00
295,106,441,2,10.96,confirmed,2015-10-02 06:16:00
296,106,990,1,5.48,confirmed,2015-10-02 09:16:00
297,107,777,1,15.43,confirmed,2015-10-05 12:59:00
298,107,855,1,15.43,confirmed,2015-10-03 16:59:00
299,107,545,2,30.86,confirmed,2015-10-03 11:59:00
300,108,604,1,16.0,confirmed,2015-10-18 15:53:00
301,108,315,2,32.0,confirmed,2015-10-17 09:53:00
302,108,173,2,32.0,confirmed,2015-10-19 11:53:00
304,108,845,2,32.0,confirmed,2015-10-19 07:53:00
305,109,20,1,16.0,confirmed,2015-10-20 05:56:00
306,109,235,3,48.0,confirmed,2015-10-19 16:56:00
307,109,231,2,32.0,confirmed,2015-10-20 03:56:00
308,109,746,2,32.0,cancelled,2015-10-18 23:56:00
309,110,610,1,16.18,confirmed,2015-10-25 17:24:00
310,111,708,1,4.74,confirmed,2015-10-24 10:53:00
311,112,562,3,15.12,confirmed,2015-10-27 18:10:00
312,113,713,3,6.51,confirmed,2015-10-28 03:21:00
313,113,704,3,6.51,confirmed,2015-10-27 14:21:00
314,114,639,1,3.36,confirmed,2015-10-30 00:32:00
315,114,622,1,3.36,confirmed,2015-10-30 00:32:00
316,114,719,2,6.72,confirmed,2015-10-29 12:32:00
317,115,853,1,2.5,confirmed,2015-11-04 09:05:00
318,115,537,2,5.0,confirmed,2015-11-03 15:05:00
319,116,934,1,2.26,confirmed,2015-11-09 16:54:00
320,116,214,1,2.26,confirmed,2015-11-09 02:54:00
321,116,706,1,2.26,confirmed,2015-11-09 05:54:00
322,116,957,1,2.26,confirmed,2015-11-09 04:54:00
323,117,661,3,16.83,confirmed,2015-11-13 11:32:00
324,117,238,1,5.61,cancelled,2015-11-13 12:32:00
325,117,469,3,16.83,confirmed,2015-11-12 01:32:00
326,118,758,1,10.17,confirmed,2015-11-25 22:21:00
327,118,120,1,10.17,confirmed,2015-11-24 07:21:00
328,118,98,1,10.17,cancelled,2015-11-26 04:21:00
329,118,873,1,10.17,cancelled,2015-11-25 16:21:00
331,120,708,1,5.01,confirmed,2015-11-30 18:53:00
332,120,873,1,5.01,confirmed,2015-12-01 08:53:00
333,120,491,1,5.01,confirmed,2015-11-29 02:53:00
334,120,821,1,5.01,confirmed,2015-11-29 15:53:00
335,121,628,1,2.11,confirmed,2015-11-30 02:36:00
336,121,30,1,2.11,cancelled,2015-11-30 08:36:00
337,121,885,1,2.11,confirmed,2015-12-01 00:36:00
339,123,445,2,2.8,confirmed,2015-12-24 13:00:00
340,124,861,3,16.62,cancelled,2015-12-28 22:13:00
341,125,660,2,5.34,confirmed,2015-12-27 10:28:00
342,126,892,1,1.99,confirmed,2015-12-29 03:46:00
343,126,171,1,1.99,confirmed,2015-12-29 17:46:00
344,126,77,1,1.99,confirmed,2015-12-29 15:46:00
345,126,771,1,1.99,confirmed,2015-12-28 12:46:00
351,129,866,2,4.38,confirmed,2015-12-30 19:23:00
352,129,467,3,6.57,confirmed,2015-12-30 22:23:00
354,131,989,1,13.72,confirmed,2016-01-04 01:33:00
355,131,821,1,13.72,confirmed,2016-01-02 02:33:00
356,131,300,1,13.72,confirmed,2016-01-03 05:33:00
410,152,815,3,8.64,confirmed,2016-01-15 13:31:00
411,152,259,2,5.76,confirmed,2016-01-14 09:31:00
412,153,445,1,1.49,confirmed,2016-01-18 03:55:00
413,153,325,1,1.49,confirmed,2016-01-18 02:55:00
414,153,18,1,1.49,cancelled,2016-01-17 22:55:00
415,153,400,1,1.49,confirmed,2016-01-16 21:55:00
416,154,89,1,1.39,confirmed,2016-01-18 15:26:00
417,154,290,1,1.39,confirmed,2016-01-17 14:26:00
418,154,785,1,1.39,confirmed,2016-01-15 21:26:00
419,155,985,2,9.16,confirmed,2016-01-25 12:11:00
420,155,651,1,4.58,confirmed,2016-01-24 12:11:00
421,155,149,1,4.58,confirmed,2016-01-27 11:11:00
546,196,861,1,4.7,confirmed,2016-02-20 17:07:00
547,196,646,1,4.7,confirmed,2016-02-20 11:07:00
548,196,99,1,4.7,confirmed,2016-02-21 14:07:00
550,197,334,2,2.5,confirmed,2016-02-23 06:13:00
551,197,691,1,1.25,confirmed,2016-02-24 03:13:00
552,198,648,1,4.59,confirmed,2016-02-28 01:23:00
553,198,981,1,4.59,confirmed,2016-02-27 17:23:00
554,198,150,1,4.59,confirmed,2016-02-28 01:23:00
555,198,891,1,4.59,confirmed,2016-02-28 07:23:00
619,220,658,1,4.93,confirmed,2016-03-04 22:14:00
620,220,331,1,4.93,cancelled,2016-03-04 13:14:00
621,220,114,1,4.93,confirmed,2016-03-05 02:14:00
622,220,99,1,4.93,confirmed,2016-03-03 13:14:00
683,242,576,1,2.16,confirmed,2016-03-11 21:16:00
684,242,950,2,4.32,confirmed,2016-03-12 14:16:00
685,243,162,1,3.0,confirmed,2016-03-15 20:38:00
687,243,357,1,3.0,cancelled,2016-03-16 02:38:00
688,244,913,1,1.86,confirmed,2016-03-19 12:36:00
689,244,836,1,1.86,confirmed,2016-03-20 20:36:00
690,244,31,1,1.86,confirmed,2016-03-20 02:36:00
691,244,968,1,1.86,confirmed,2016-03-20 12:36:00
692,245,995,3,10.02,confirmed,2016-03-25 01:23:00
693,245,321,2,6.68,confirmed,2016-03-22 20:23:00
694,245,933,2,6.68,cancelled,2016-03-24 02:23:00
695,245,621,2,6.68,confirmed,2016-03-24 23:23:00
696,246,327,3,8.49,confirmed,2016-03-25 03:13:00
697,246,70,1,2.83,confirmed,2016-03-25 00:13:00
726,258,746,1,2.0,confirmed,2016-04-01 12:51:00
727,258,812,1,2.0,confirmed,2016-04-01 18:51:00
728,258,1000,1,2.0,confirmed,2016-04-02 18:51:00
729,258,525,1,2.0,confirmed,2016-04-03 06:51:00
730,259,317,1,1.93,confirmed,2016-04-02 14:05:00
731,259,318,1,1.93,cancelled,2016-04-02 12:05:00
732,259,749,1,1.93,confirmed,2016-04-02 05:05:00
733,259,789,1,1.93,confirmed,2016-03-31 22:05:00
734,260,624,4,105.32,confirmed,2016-04-02 21:48:00
741,263,428,2,6.14,confirmed,2016-04-06 00:03:00
762,271,161,2,11.0,cancelled,2016-04-06 19:27:00
763,271,644,2,11.0,confirmed,2016-04-07 11:27:00
764,272,857,3,44.55,confirmed,2016-04-08 14:00:00
765,273,215,3,7.35,confirmed,2016-04-09 10:24:00
777,279,843,3,9.78,confirmed,2016-04-17 00:21:00
778,280,743,2,7.4,confirmed,2016-04-16 22:07:00
779,280,38,1,3.7,confirmed,2016-04-19 11:07:00
780,281,870,1,3.18,confirmed,2016-04-30 12:51:00
781,281,610,1,3.18,confirmed,2016-04-29 02:51:00
782,281,894,1,3.18,confirmed,2016-04-29 02:51:00
783,282,330,1,3.17,confirmed,2016-04-27 22:18:00
784,282,207,2,6.34,confirmed,2016-04-30 03:18:00
802,288,571,2,8.36,confirmed,2016-04-30 07:08:00
803,288,667,2,8.36,confirmed,2016-05-01 03:08:00
810,291,317,2,3.38,confirmed,2016-05-03 01:32:00
811,291,980,3,5.07,cancelled,2016-05-01 14:32:00
815,293,202,1,3.48,confirmed,2016-05-02 21:09:00
816,293,212,1,3.48,confirmed,2016-05-02 15:09:00
817,293,699,1,3.48,confirmed,2016-05-01 18:09:00
818,293,900,1,3.48,cancelled,2016-05-02 22:09:00
827,298,142,4,6.04,cancelled,2016-05-03 02:55:00
828,299,467,2,8.2,confirmed,2016-05-03 00:02:00
829,299,523,2,8.2,confirmed,2016-05-04 10:02:00
844,304,873,3,8.55,confirmed,2016-05-05 01:52:00
845,305,880,1,4.82,confirmed,2016-05-05 18:05:00
846,305,265,2,9.64,confirmed,2016-05-05 15:05:00
847,305,15,2,9.64,confirmed,2016-05-05 07:05:00
848,306,187,1,4.87,confirmed,2016-05-06 04:56:00
849,306,820,1,4.87,confirmed,2016-05-05 19:56:00
850,306,542,1,4.87,confirmed,2016-05-04 10:56:00
851,306,884,1,4.87,confirmed,2016-05-04 06:56:00
855,309,766,1,3.13,confirmed,2016-05-05 09:00:00
856,309,973,1,3.13,confirmed,2016-05-04 15:00:00
857,309,772,1,3.13,confirmed,2016-05-05 01:00:00
858,309,946,1,3.13,confirmed,2016-05-04 15:00:00
879,318,734,1,3.74,confirmed,2016-05-10 09:43:00
880,318,267,1,3.74,confirmed,2016-05-09 02:43:00
881,318,106,1,3.74,confirmed,2016-05-11 17:43:00
882,318,36,1,3.74,confirmed,2016-05-10 07:43:00
885,320,448,1,3.25,confirmed,2016-05-12 12:15:00
887,320,866,1,3.25,confirmed,2016-05-10 15:15:00
888,320,747,1,3.25,confirmed,2016-05-10 09:15:00
889,321,649,1,5.78,confirmed,2016-05-11 19:01:00
890,322,863,4,13.12,confirmed,2016-05-12 04:50:00
892,323,182,1,4.09,confirmed,2016-05-13 06:11:00
893,323,569,1,4.09,confirmed,2016-05-11 11:11:00
894,324,144,1,4.94,confirmed,2016-05-13 04:44:00
895,324,37,2,9.88,confirmed,2016-05-11 13:44:00
897,325,548,1,6.5,confirmed,2016-05-12 16:19:00
898,325,990,1,6.5,confirmed,2016-05-13 08:19:00
899,326,964,1,1.98,confirmed,2016-05-13 09:42:00
900,326,696,1,1.98,confirmed,2016-05-13 20:42:00
901,326,893,1,1.98,confirmed,2016-05-12 02:42:00
902,326,897,1,1.98,confirmed,2016-05-13 22:42:00
903,327,178,1,2.52,cancelled,2016-05-15 07:22:00
904,328,627,1,2.16,cancelled,2016-05-16 19:56:00
905,328,176,1,2.16,confirmed,2016-05-16 04:56:00
906,328,857,1,2.16,cancelled,2016-05-15 02:56:00
907,328,607,1,2.16,cancelled,2016-05-15 05:56:00
908,329,124,1,3.72,confirmed,2016-05-16 11:53:00
909,329,702,1,3.72,confirmed,2016-05-15 20:53:00
910,329,591,1,3.72,confirmed,2016-05-16 20:53:00
911,330,174,1,3.85,confirmed,2016-05-19 08:35:00
912,330,715,1,3.85,confirmed,2016-05-17 13:35:00
913,330,380,1,3.85,confirmed,2016-05-16 23:35:00
914,330,568,1,3.85,confirmed,2016-05-18 15:35:00
915,331,725,3,14.91,confirmed,2016-05-18 03:52:00
916,332,213,3,17.22,confirmed,2016-05-25 02:50:00
917,332,147,2,11.48,confirmed,2016-05-26 13:50:00
918,333,612,2,11.72,confirmed,2016-05-27 04:46:00
919,334,848,1,1.23,confirmed,2016-05-26 10:10:00
920,334,803,1,1.23,confirmed,2016-05-26 14:10:00
921,334,310,1,1.23,confirmed,2016-05-26 12:10:00
922,335,226,1,2.48,confirmed,2016-05-30 16:07:00
923,335,477,1,2.48,confirmed,2016-05-29 04:07:00
924,335,790,2,4.96,confirmed,2016-05-31 11:07:00
925,335,643,1,2.48,confirmed,2016-05-30 04:07:00
926,335,677,1,2.48,confirmed,2016-05-29 22:07:00
993,357,348,1,1.76,cancelled,2016-06-07 00:48:00
994,357,707,1,1.76,confirmed,2016-06-05 14:48:00
995,357,116,1,1.76,confirmed,2016-06-07 06:48:00
996,357,751,1,1.76,confirmed,2016-06-06 17:48:00
997,358,802,2,7.26,confirmed,2016-06-07 10:05:00
998,358,960,3,10.89,cancelled,2016-06-07 09:05:00
1028,370,799,2,8.3,cancelled,2016-06-09 19:18:00
1029,370,498,1,4.15,confirmed,2016-06-07 23:18:00
1030,370,423,1,4.15,cancelled,2016-06-07 16:18:00
1034,373,178,1,2.17,confirmed,2016-06-10 23:28:00
1035,373,728,1,2.17,confirmed,2016-06-10 20:28:00
1036,373,313,1,2.17,confirmed,2016-06-10 12:28:00
1059,382,14,2,6.4,confirmed,2016-06-10 20:35:00
1060,382,692,2,6.4,confirmed,2016-06-12 12:35:00
1061,383,147,4,13.8,confirmed,2016-06-13 09:22:00
1062,384,67,1,3.86,confirmed,2016-06-13 10:50:00
1063,384,374,1,3.86,confirmed,2016-06-13 07:50:00
1064,385,287,1,5.01,confirmed,2016-06-14 15:52:00
1065,385,785,1,5.01,confirmed,2016-06-14 15:52:00
1066,385,732,1,5.01,confirmed,2016-06-16 00:52:00
1067,385,786,1,5.01,confirmed,2016-06-15 10:52:00
1068,386,511,1,6.17,confirmed,2016-06-17 12:50:00
1069,386,238,1,6.17,confirmed,2016-06-17 15:50:00
1070,386,645,1,6.17,confirmed,2016-06-16 01:50:00
1071,386,967,1,6.17,confirmed,2016-06-17 06:50:00
1072,387,678,4,16.36,confirmed,2016-06-17 12:27:00
1073,388,679,2,2.66,confirmed,2016-06-16 15:07:00
1075,388,504,2,2.66,cancelled,2016-06-18 21:07:00
1076,389,462,2,7.56,confirmed,2016-06-20 15:21:00
1077,389,324,1,3.78,confirmed,2016-06-19 05:21:00
1078,389,875,3,11.34,confirmed,2016-06-18 12:21:00
1079,389,387,1,3.78,confirmed,2016-06-18 18:21:00
1080,390,784,1,2.09,confirmed,2016-06-21 16:10:00
1081,390,113,1,2.09,confirmed,2016-06-23 17:10:00
1082,390,584,1,2.09,confirmed,2016-06-21 22:10:00
1083,390,693,1,2.09,confirmed,2016-06-22 16:10:00
1084,391,330,1,2.86,confirmed,2016-06-22 15:45:00
1085,391,63,2,5.72,cancelled,2016-06-24 10:45:00
1086,391,29,2,5.72,confirmed,2016-06-22 07:45:00
1087,392,367,1,1.78,confirmed,2016-06-24 08:53:00
1088,392,423,1,1.78,confirmed,2016-06-25 05:53:00
1089,392,361,1,1.78,cancelled,2016-06-25 01:53:00
1192,427,158,2,6.7,cancelled,2016-07-07 06:32:00
1193,427,30,2,6.7,confirmed,2016-07-08 09:32:00
1194,427,84,1,3.35,confirmed,2016-07-09 14:32:00
1221,435,640,1,2.3,confirmed,2016-07-12 18:16:00
1222,435,829,1,2.3,cancelled,2016-07-12 15:16:00
1223,435,273,1,2.3,confirmed,2016-07-13 04:16:00
1224,435,351,1,2.3,confirmed,2016-07-12 07:16:00
1225,436,473,1,4.66,confirmed,2016-07-20 15:36:00
1226,436,710,1,4.66,cancelled,2016-07-22 02:36:00
1227,436,416,1,4.66,confirmed,2016-07-21 13:36:00
1228,436,891,1,4.66,cancelled,2016-07-21 13:36:00
1229,437,216,4,8.32,confirmed,2016-07-22 09:12:00
1230,438,864,1,4.41,confirmed,2016-07-21 05:33:00
1231,438,643,1,4.41,confirmed,2016-07-23 14:33:00
1232,438,880,1,4.41,confirmed,2016-07-22 21:33:00
1234,439,882,4,10.52,confirmed,2016-07-28 11:57:00
1235,440,585,2,4.52,confirmed,2016-07-29 13:44:00
1236,440,851,1,2.26,confirmed,2016-07-27 07:44:00
1237,440,855,2,4.52,cancelled,2016-07-26 16:44:00
1238,441,38,2,10.56,confirmed,2016-07-27 03:23:00
1239,441,501,1,5.28,confirmed,2016-07-26 22:23:00
1240,441,411,1,5.28,confirmed,2016-07-28 01:23:00
1250,445,622,2,5.08,confirmed,2016-07-30 07:37:00
1255,447,117,1,2.21,confirmed,2016-07-30 19:39:00
1256,447,634,1,2.21,confirmed,2016-07-29 15:39:00
1257,447,234,1,2.21,cancelled,2016-07-29 21:39:00
1258,447,124,1,2.21,confirmed,2016-07-30 06:39:00
1279,454,719,2,3.42,confirmed,2016-07-30 18:37:00
1280,454,415,3,5.13,confirmed,2016-07-31 07:37:00
1297,460,695,2,5.66,cancelled,2016-08-01 20:29:00
1299,460,414,2,5.66,cancelled,2016-08-03 17:29:00
1347,476,258,2,18.76,confirmed,2016-08-06 17:50:00
1387,490,616,1,2.78,confirmed,2016-08-27 10:11:00
1388,490,636,1,2.78,confirmed,2016-08-27 09:11:00
1389,490,451,1,2.78,confirmed,2016-08-25 09:11:00
1390,490,784,1,2.78,confirmed,2016-08-25 10:11:00
1391,490,98,1,2.78,confirmed,2016-08-27 10:11:00
1392,490,642,1,2.78,confirmed,2016-08-25 17:11:00
1393,490,459,1,2.78,confirmed,2016-08-25 13:11:00
1413,497,220,1,2.47,cancelled,2016-09-04 15:02:00
1414,497,246,1,2.47,confirmed,2016-09-06 15:02:00
1415,497,494,1,2.47,confirmed,2016-09-04 18:02:00
1417,499,648,2,8.82,confirmed,2016-09-06 14:21:00
1418,499,601,1,4.41,confirmed,2016-09-05 19:21:00
1419,500,908,2,13.42,confirmed,2016-09-05 12:12:00
1420,501,253,2,3.36,cancelled,2016-09-09 11:59:00
1421,501,183,1,1.68,confirmed,2016-09-08 23:59:00
1422,501,202,2,3.36,cancelled,2016-09-07 22:59:00
1423,501,23,2,3.36,confirmed,2016-09-07 14:59:00
1424,501,181,1,1.68,cancelled,2016-09-07 06:59:00
1436,508,945,1,5.16,cancelled,2016-09-10 04:07:00
1437,508,811,1,5.16,confirmed,2016-09-10 22:07:00
1438,508,599,1,5.16,cancelled,2016-09-11 17:07:00
1439,508,667,1,5.16,confirmed,2016-09-12 03:07:00
1440,508,38,1,5.16,confirmed,2016-09-11 00:07:00
1441,508,214,1,5.16,confirmed,2016-09-11 08:07:00
1442,509,43,1,2.16,confirmed,2016-09-10 03:44:00
1443,509,478,1,2.16,confirmed,2016-09-09 23:44:00
1444,509,526,1,2.16,confirmed,2016-09-12 11:44:00
1445,510,454,2,6.12,confirmed,2016-09-15 16:31:00
1446,510,241,1,3.06,confirmed,2016-09-14 21:31:00
1447,511,806,3,4.11,cancelled,2016-09-22 03:39:00
1448,512,74,3,4.56,confirmed,2016-09-21 16:22:00
1449,513,203,2,4.46,confirmed,2016-09-21 23:26:00
1450,513,693,1,2.23,confirmed,2016-09-22 17:26:00
1451,513,339,2,4.46,confirmed,2016-09-21 20:26:00
1452,514,844,2,2.66,cancelled,2016-09-23 11:22:00
1453,514,356,2,2.66,confirmed,2016-09-22 17:22:00
1454,514,803,2,2.66,confirmed,2016-09-22 10:22:00
1455,515,241,1,3.5,confirmed,2016-09-21 01:32:00
1456,515,530,1,3.5,confirmed,2016-09-21 20:32:00
1457,515,603,1,3.5,confirmed,2016-09-21 07:32:00
1458,515,806,1,3.5,confirmed,2016-09-20 13:32:00
1459,516,385,2,9.36,confirmed,2016-09-23 18:06:00
1460,517,967,2,10.88,cancelled,2016-09-22 16:01:00
1461,517,757,2,10.88,confirmed,2016-09-22 07:01:00
1462,517,10,2,10.88,confirmed,2016-09-21 17:01:00
1463,518,335,1,4.78,cancelled,2016-09-23 20:25:00
1464,518,603,2,9.56,confirmed,2016-09-22 13:25:00
1465,518,24,2,9.56,confirmed,2016-09-22 13:25:00
1466,519,549,4,19.12,confirmed,2016-09-24 04:22:00
1467,520,585,2,15.04,confirmed,2016-09-24 21:13:00
1468,520,987,1,7.52,confirmed,2016-09-22 20:13:00
1469,520,464,1,7.52,confirmed,2016-09-25 02:13:00
1474,522,71,1,3.86,confirmed,2016-09-26 04:58:00
1475,522,400,1,3.86,confirmed,2016-09-24 18:58:00
1476,522,980,1,3.86,confirmed,2016-09-25 15:58:00
1477,523,209,2,12.48,confirmed,2016-09-26 16:47:00
1478,523,516,2,12.48,confirmed,2016-09-25 07:47:00
1479,523,735,3,18.72,cancelled,2016-09-24 15:47:00
1480,523,703,2,12.48,cancelled,2016-09-24 20:47:00
1481,523,471,2,12.48,confirmed,2016-09-27 05:47:00
1482,524,296,4,20.28,confirmed,2016-09-26 01:08:00
1483,525,629,1,5.85,confirmed,2016-09-26 18:01:00
1484,525,845,1,5.85,confirmed,2016-09-26 17:01:00
1485,525,831,1,5.85,confirmed,2016-09-27 11:01:00
1486,525,872,1,5.85,cancelled,2016-09-26 20:01:00
1487,526,905,2,6.02,confirmed,2016-09-28 03:16:00
1488,526,645,1,3.01,cancelled,2016-09-26 07:16:00
1490,527,518,3,19.92,confirmed,2016-09-27 16:33:00
1491,528,214,1,5.34,confirmed,2016-09-30 00:15:00
1492,528,520,2,10.68,confirmed,2016-09-28 06:15:00
1493,529,408,1,4.91,confirmed,2016-09-29 17:35:00
1494,529,39,2,9.82,confirmed,2016-09-27 23:35:00
1495,530,474,1,5.34,confirmed,2016-09-28 03:33:00
1496,530,70,1,5.34,confirmed,2016-09-29 00:33:00
1497,530,85,1,5.34,confirmed,2016-09-30 09:33:00
1498,530,563,1,5.34,confirmed,2016-09-29 20:33:00
1499,531,173,1,2.37,confirmed,2016-09-29 18:29:00
1500,531,80,1,2.37,confirmed,2016-09-29 10:29:00
1501,531,689,1,2.37,cancelled,2016-09-27 17:29:00
1502,531,783,1,2.37,confirmed,2016-09-30 07:29:00
1503,532,401,3,10.32,confirmed,2016-09-30 16:21:00
1538,550,388,1,2.3,confirmed,2016-10-06 03:32:00
1539,550,172,1,2.3,cancelled,2016-10-05 21:32:00
1540,550,484,1,2.3,confirmed,2016-10-06 04:32:00
1541,550,453,1,2.3,confirmed,2016-10-06 20:32:00
1542,551,568,1,3.12,confirmed,2016-10-06 01:41:00
1543,551,746,2,6.24,confirmed,2016-10-06 12:41:00
1557,555,120,1,4.58,confirmed,2016-10-08 10:04:00
1558,556,725,1,2.06,confirmed,2016-10-09 12:23:00
1559,556,602,1,2.06,confirmed,2016-10-08 06:23:00
1560,556,999,1,2.06,confirmed,2016-10-07 20:23:00
1561,556,924,1,2.06,confirmed,2016-10-08 08:23:00
1570,561,267,2,8.34,confirmed,2016-10-13 19:14:00
1571,561,925,3,12.51,confirmed,2016-10-12 19:14:00
1572,562,388,1,4.48,confirmed,2016-10-13 23:31:00
1573,563,601,1,2.84,confirmed,2016-10-17 23:29:00
1574,564,63,2,5.52,confirmed,2016-10-18 12:04:00
1575,565,100,2,7.4,confirmed,2016-10-19 10:56:00
1576,566,619,1,1.96,cancelled,2016-10-21 06:33:00
1577,566,534,1,1.96,confirmed,2016-10-21 23:33:00
1578,566,987,1,1.96,confirmed,2016-10-21 23:33:00
1579,566,781,1,1.96,cancelled,2016-10-21 20:33:00
1580,567,389,1,4.45,cancelled,2016-10-24 06:33:00
1581,567,627,1,4.45,confirmed,2016-10-22 15:33:00
1582,567,59,1,4.45,confirmed,2016-10-24 03:33:00
1584,568,464,2,7.68,confirmed,2016-10-25 10:53:00
1586,569,650,3,19.14,cancelled,2016-10-24 20:10:00
1587,570,241,1,6.99,confirmed,2016-10-25 05:42:00
1588,570,623,1,6.99,confirmed,2016-10-26 04:42:00
1589,570,498,1,6.99,confirmed,2016-10-24 23:42:00
1590,570,411,1,6.99,confirmed,2016-10-27 06:42:00
1591,571,854,2,7.72,confirmed,2016-10-26 02:08:00
1592,571,691,1,3.86,confirmed,2016-10-25 14:08:00
1593,571,563,1,3.86,confirmed,2016-10-27 14:08:00
1598,575,816,3,27.0,cancelled,2016-11-01 08:11:00
1624,585,714,1,2.64,confirmed,2016-11-01 20:27:00
1625,585,496,1,2.64,confirmed,2016-11-02 08:27:00
1626,585,300,1,2.64,confirmed,2016-10-31 15:27:00
1627,585,920,1,2.64,cancelled,2016-11-02 09:27:00
1640,590,417,3,15.84,confirmed,2016-10-31 15:38:00
1641,590,834,3,15.84,confirmed,2016-10-31 19:38:00
1682,607,969,1,5.9,confirmed,2016-11-07 21:20:00
1683,607,96,3,17.7,confirmed,2016-11-05 16:20:00
1700,613,422,2,7.28,confirmed,2016-11-08 05:18:00
1701,613,127,1,3.64,confirmed,2016-11-07 14:18:00
1764,641,458,4,22.68,confirmed,2016-11-10 03:17:00
1765,641,239,1,5.67,confirmed,2016-11-10 06:17:00
1766,642,837,1,4.1,confirmed,2016-11-15 16:45:00
1767,642,885,3,12.3,confirmed,2016-11-16 18:45:00
1768,643,319,2,4.88,cancelled,2016-11-20 09:23:00
1769,644,72,1,3.73,confirmed,2016-11-20 04:44:00
1771,645,746,1,10.19,confirmed,2016-11-23 00:55:00
1772,645,770,2,20.38,confirmed,2016-11-24 23:55:00
1773,646,136,2,4.58,confirmed,2016-11-23 16:34:00
1774,647,963,3,4.95,confirmed,2016-11-25 08:01:00
1775,647,644,1,1.65,confirmed,2016-11-23 14:01:00
1776,648,208,2,4.56,confirmed,2016-11-23 02:13:00
1777,649,316,2,7.56,confirmed,2016-11-25 07:29:00
1778,649,341,3,11.34,confirmed,2016-11-22 17:29:00
1779,650,22,1,7.27,confirmed,2016-11-24 03:54:00
1780,651,525,4,25.28,confirmed,2016-11-25 11:56:00
1781,652,233,4,10.8,confirmed,2016-11-24 20:49:00
1782,653,232,2,4.14,confirmed,2016-11-26 21:22:00
1783,653,945,2,4.14,confirmed,2016-11-26 21:22:00
1784,653,902,1,2.07,confirmed,2016-11-25 23:22:00
1785,654,79,1,2.71,confirmed,2016-11-27 04:31:00
1786,654,632,1,2.71,confirmed,2016-11-26 16:31:00
1787,654,343,2,5.42,confirmed,2016-11-26 15:31:00
1788,655,154,1,2.94,confirmed,2016-11-26 04:45:00
1789,655,916,1,2.94,cancelled,2016-11-26 06:45:00
1790,655,685,1,2.94,confirmed,2016-11-26 07:45:00
1791,655,705,1,2.94,confirmed,2016-11-26 21:45:00
1792,656,329,4,18.84,confirmed,2016-11-25 05:51:00
1793,656,152,1,4.71,confirmed,2016-11-25 12:51:00
1794,657,149,1,1.98,confirmed,2016-11-26 07:35:00
1795,657,93,2,3.96,confirmed,2016-11-26 02:35:00
1796,657,332,2,3.96,confirmed,2016-11-26 04:35:00
1797,658,142,1,4.08,confirmed,2016-11-25 12:01:00
1798,658,823,2,8.16,confirmed,2016-11-25 19:01:00
1799,658,968,1,4.08,confirmed,2016-11-26 05:01:00
1800,659,721,1,2.33,confirmed,2016-11-27 09:37:00
1801,659,90,1,2.33,confirmed,2016-11-25 23:37:00
1802,660,945,1,22.65,cancelled,2016-11-26 13:56:00
1803,660,113,1,22.65,confirmed,2016-11-27 17:56:00
1804,661,249,1,1.75,confirmed,2016-11-29 00:16:00
1805,661,216,1,1.75,confirmed,2016-11-29 12:16:00
1806,661,849,1,1.75,confirmed,2016-11-29 02:16:00
1807,661,230,1,1.75,confirmed,2016-11-28 19:16:00
1808,662,151,3,8.49,confirmed,2016-11-28 10:16:00
1843,675,512,1,1.87,confirmed,2016-12-03 21:15:00
1913,698,651,1,3.85,confirmed,2016-12-11 07:00:00
1914,698,648,1,3.85,confirmed,2016-12-11 04:00:00
1915,698,798,1,3.85,confirmed,2016-12-12 05:00:00
1916,698,368,1,3.85,confirmed,2016-12-11 17:00:00
1917,699,655,1,5.68,confirmed,2016-12-11 21:18:00
1930,705,31,1,2.41,confirmed,2016-12-12 15:48:00
1931,705,337,2,4.82,confirmed,2016-12-12 06:48:00
1932,706,358,3,4.89,confirmed,2016-12-10 18:32:00
1933,707,526,1,1.86,confirmed,2016-12-12 08:42:00
1935,707,411,1,1.86,confirmed,2016-12-12 07:42:00
1936,707,946,1,1.86,confirmed,2016-12-11 00:42:00
1937,708,612,1,5.73,confirmed,2016-12-12 15:32:00
1938,708,767,1,5.73,confirmed,2016-12-12 19:32:00
1939,708,280,1,5.73,cancelled,2016-12-14 08:32:00
1940,708,837,1,5.73,confirmed,2016-12-14 12:32:00
1942,709,602,2,17.48,confirmed,2016-12-16 18:44:00
1943,709,421,1,8.74,cancelled,2016-12-15 02:44:00
1944,709,302,1,8.74,confirmed,2016-12-16 23:44:00
1945,709,620,1,8.74,confirmed,2016-12-15 09:44:00
1946,710,800,1,4.75,confirmed,2016-12-17 09:03:00
1947,710,323,3,14.25,confirmed,2016-12-14 23:03:00
1948,711,922,1,5.87,confirmed,2016-12-16 10:32:00
1949,711,239,1,5.87,confirmed,2016-12-16 02:32:00
1950,711,577,1,5.87,confirmed,2016-12-15 08:32:00
1951,712,776,1,5.28,confirmed,2016-12-19 10:32:00
1952,712,447,1,5.28,confirmed,2016-12-18 05:32:00
1953,712,327,1,5.28,confirmed,2016-12-17 07:32:00
1954,713,617,3,28.14,confirmed,2016-12-23 04:53:00
1955,713,336,2,18.76,confirmed,2016-12-23 06:53:00
1956,714,293,1,5.81,confirmed,2016-12-20 13:21:00
1957,714,135,1,5.81,confirmed,2016-12-23 07:21:00
1958,714,863,1,5.81,confirmed,2016-12-21 04:21:00
1959,714,992,1,5.81,confirmed,2016-12-21 13:21:00
1960,715,82,1,3.69,confirmed,2016-12-21 09:56:00
1961,715,571,1,3.69,confirmed,2016-12-21 01:56:00
1962,715,795,1,3.69,cancelled,2016-12-22 20:56:00
1963,715,322,1,3.69,cancelled,2016-12-22 22:56:00
1964,716,230,1,4.15,cancelled,2016-12-23 19:13:00
1965,717,332,4,11.04,confirmed,2016-12-28 03:06:00
1966,718,743,2,5.66,cancelled,2016-12-25 18:57:00
1967,718,925,1,2.83,cancelled,2016-12-28 08:57:00
1968,719,906,1,4.78,confirmed,2016-12-27 04:18:00
1969,719,805,1,4.78,confirmed,2016-12-26 18:18:00
1970,719,45,2,9.56,confirmed,2016-12-28 01:18:00
1971,720,123,1,4.04,confirmed,2016-12-27 08:25:00
1972,720,130,1,4.04,confirmed,2016-12-26 18:25:00
1973,720,328,1,4.04,confirmed,2016-12-26 22:25:00
1974,720,884,1,4.04,confirmed,2016-12-26 23:25:00
1975,721,95,2,6.76,confirmed,2016-12-27 19:59:00
1976,721,271,3,10.14,cancelled,2016-12-28 09:59:00
1978,722,80,1,2.14,confirmed,2016-12-28 15:33:00
1979,723,840,1,29.7,confirmed,2017-01-03 18:28:00
1980,723,396,1,29.7,confirmed,2017-01-04 22:28:00
1981,723,193,1,29.7,confirmed,2017-01-03 21:28:00
1982,723,501,1,29.7,cancelled,2017-01-05 09:28:00
1983,724,396,1,11.74,confirmed,2017-01-06 13:28:00
1984,724,1000,1,11.74,confirmed,2017-01-06 16:28:00
1986,725,474,1,2.8,confirmed,2017-01-10 08:02:00
1987,725,899,1,2.8,cancelled,2017-01-10 15:02:00
1988,726,30,2,5.78,confirmed,2017-01-11 00:46:00
1989,726,489,1,2.89,confirmed,2017-01-10 12:46:00
1990,726,679,1,2.89,confirmed,2017-01-09 08:46:00
1991,727,55,2,6.1,confirmed,2017-01-10 08:11:00
1992,727,453,2,6.1,confirmed,2017-01-11 08:11:00
1993,727,281,2,6.1,confirmed,2017-01-10 21:11:00
1994,728,533,1,1.84,confirmed,2017-01-11 19:20:00
1995,728,445,1,1.84,confirmed,2017-01-12 05:20:00
1996,728,112,1,1.84,confirmed,2017-01-09 13:20:00
1997,728,699,1,1.84,confirmed,2017-01-10 06:20:00
1998,729,404,3,8.19,confirmed,2017-01-11 14:45:00
1999,729,104,2,5.46,confirmed,2017-01-10 23:45:00
2000,729,226,3,8.19,confirmed,2017-01-11 23:45:00
2001,729,753,2,5.46,confirmed,2017-01-09 22:45:00
2002,730,314,1,3.24,confirmed,2017-01-12 04:34:00
2003,730,875,1,3.24,confirmed,2017-01-10 02:34:00
2005,731,344,1,3.82,cancelled,2017-01-11 18:46:00
2006,731,22,1,3.82,confirmed,2017-01-10 03:46:00
2007,731,182,1,3.82,confirmed,2017-01-11 08:46:00
2008,731,999,1,3.82,confirmed,2017-01-12 13:46:00
2009,732,857,1,4.27,confirmed,2017-01-13 01:21:00
2010,732,234,1,4.27,confirmed,2017-01-11 19:21:00
2011,732,539,2,8.54,confirmed,2017-01-11 17:21:00
2012,733,264,1,5.3,confirmed,2017-01-13 14:14:00
2013,733,681,1,5.3,confirmed,2017-01-11 21:14:00
2014,733,500,1,5.3,confirmed,2017-01-10 21:14:00
2015,734,152,4,26.0,cancelled,2017-01-15 21:57:00
2016,735,511,1,11.73,confirmed,2017-01-17 07:42:00
2017,735,32,2,23.46,confirmed,2017-01-19 03:42:00
2018,736,944,2,12.6,confirmed,2017-01-23 22:51:00
2019,736,979,3,18.9,confirmed,2017-01-23 00:51:00
2020,737,272,3,22.95,confirmed,2017-01-23 21:38:00
2021,737,934,2,15.3,confirmed,2017-01-24 04:38:00
2022,738,196,5,58.05,confirmed,2017-01-26 04:44:00
2023,738,43,4,46.44,confirmed,2017-01-24 23:44:00
2024,738,595,3,34.83,confirmed,2017-01-26 18:44:00
2025,739,951,1,6.06,confirmed,2017-02-01 21:05:00
2026,739,703,1,6.06,confirmed,2017-02-01 22:05:00
2027,739,151,1,6.06,confirmed,2017-02-03 09:05:00
2028,739,479,1,6.06,confirmed,2017-02-01 22:05:00
2029,740,127,1,6.48,confirmed,2017-02-01 14:57:00
2030,740,55,1,6.48,confirmed,2017-02-02 18:57:00
2031,740,502,1,6.48,cancelled,2017-01-31 19:57:00
2032,741,978,3,18.48,confirmed,2017-02-07 16:27:00
2033,741,89,2,12.32,confirmed,2017-02-08 07:27:00
2034,742,225,2,7.04,confirmed,2017-02-07 13:34:00
2035,742,33,2,7.04,confirmed,2017-02-09 02:34:00
2036,742,486,2,7.04,cancelled,2017-02-07 23:34:00
2037,743,579,3,11.91,cancelled,2017-02-08 22:50:00
2038,743,448,3,11.91,confirmed,2017-02-08 07:50:00
2039,744,428,2,24.52,confirmed,2017-02-13 20:37:00
2040,744,569,3,36.78,confirmed,2017-02-11 19:37:00
2041,745,386,2,6.96,confirmed,2017-03-03 20:12:00
2042,745,803,2,6.96,confirmed,2017-03-03 23:12:00
2043,746,481,2,8.88,confirmed,2017-03-04 12:43:00
2044,746,364,2,8.88,confirmed,2017-03-03 17:43:00
2046,747,775,2,8.52,confirmed,2017-03-18 00:45:00
2047,748,596,2,7.16,confirmed,2017-03-16 19:18:00
2048,748,526,3,10.74,cancelled,2017-03-19 10:18:00
2049,749,129,1,7.58,confirmed,2017-03-16 22:49:00
2050,749,414,2,15.16,cancelled,2017-03-19 06:49:00
2051,750,277,3,20.49,confirmed,2017-03-19 05:38:00
2052,751,581,2,10.64,cancelled,2017-03-22 17:39:00
2053,751,495,1,5.32,confirmed,2017-03-20 14:39:00
2054,751,709,1,5.32,confirmed,2017-03-20 17:39:00
2055,752,229,3,12.48,confirmed,2017-04-01 19:51:00
2056,752,918,2,8.32,confirmed,2017-04-02 14:51:00
2057,753,640,1,4.02,confirmed,2017-04-02 16:18:00
2058,753,706,1,4.02,confirmed,2017-04-02 01:18:00
2059,754,100,1,2.03,cancelled,2017-04-05 06:23:00
2060,754,254,2,4.06,confirmed,2017-04-06 23:23:00
2061,754,210,2,4.06,confirmed,2017-04-06 15:23:00
2062,754,107,1,2.03,cancelled,2017-04-04 17:23:00
2063,754,487,2,4.06,cancelled,2017-04-05 06:23:00
2064,755,444,2,12.48,confirmed,2017-04-08 20:57:00
2065,756,840,3,7.47,confirmed,2017-04-23 16:09:00
2066,756,764,3,7.47,confirmed,2017-04-25 08:09:00
2067,757,493,2,5.7,confirmed,2017-04-23 22:08:00
2068,757,297,2,5.7,confirmed,2017-04-24 11:08:00
2069,758,716,1,2.82,cancelled,2017-05-10 21:45:00
2070,758,821,1,2.82,confirmed,2017-05-11 00:45:00
2071,758,110,1,2.82,confirmed,2017-05-10 01:45:00
2072,758,477,1,2.82,confirmed,2017-05-09 07:45:00
2074,760,284,1,9.93,confirmed,2017-05-21 09:25:00
2075,760,10,1,9.93,confirmed,2017-05-23 06:25:00
2076,760,163,1,9.93,confirmed,2017-05-22 09:25:00
2077,760,368,1,9.93,confirmed,2017-05-23 11:25:00
2078,761,805,2,19.86,cancelled,2017-05-23 22:13:00
2079,761,782,2,19.86,confirmed,2017-05-21 18:13:00
2080,762,676,2,9.2,confirmed,2017-05-24 17:36:00
2081,762,185,2,9.2,confirmed,2017-05-24 07:36:00
2082,762,591,1,4.6,confirmed,2017-05-25 14:36:00
2083,762,727,1,4.6,confirmed,2017-05-25 21:36:00
2084,762,951,2,9.2,cancelled,2017-05-23 22:36:00
2085,763,780,1,3.08,confirmed,2017-05-25 13:59:00
2086,763,238,2,6.16,confirmed,2017-05-24 06:59:00
2087,763,792,1,3.08,confirmed,2017-05-25 03:59:00
2088,764,39,1,2.83,confirmed,2017-05-28 15:45:00
2089,765,648,2,6.82,confirmed,2017-05-28 07:23:00
2090,765,862,2,6.82,confirmed,2017-05-27 17:23:00
2091,765,31,1,3.41,confirmed,2017-05-28 02:23:00
2092,765,947,2,6.82,confirmed,2017-05-29 12:23:00
2093,765,179,1,3.41,confirmed,2017-05-28 09:23:00
2094,766,89,1,2.58,confirmed,2017-06-01 23:29:00
2095,766,598,1,2.58,confirmed,2017-06-01 18:29:00
2096,767,370,4,15.68,confirmed,2017-06-02 05:01:00
2097,768,190,2,9.4,confirmed,2017-06-03 09:08:00
2098,768,700,2,9.4,confirmed,2017-06-02 14:08:00
2099,768,749,1,4.7,cancelled,2017-06-02 03:08:00
2100,769,642,1,4.89,confirmed,2017-06-01 21:01:00
2101,769,387,1,4.89,confirmed,2017-06-02 00:01:00
2102,769,896,1,4.89,confirmed,2017-06-01 18:01:00
2103,769,73,1,4.89,confirmed,2017-06-03 02:01:00
2104,770,401,1,7.47,cancelled,2017-06-05 14:25:00
2105,770,722,2,14.94,confirmed,2017-06-05 04:25:00
2106,770,368,2,14.94,confirmed,2017-06-06 03:25:00
2107,771,598,4,33.84,cancelled,2017-06-05 02:32:00
2108,772,34,3,31.23,confirmed,2017-06-06 18:25:00
2109,773,911,1,11.04,confirmed,2017-06-06 03:32:00
2110,773,785,1,11.04,confirmed,2017-06-07 12:32:00
2111,773,61,1,11.04,confirmed,2017-06-07 12:32:00
2112,774,614,1,2.18,cancelled,2017-06-11 06:17:00
2113,774,759,1,2.18,confirmed,2017-06-13 14:17:00
2114,774,629,1,2.18,confirmed,2017-06-11 03:17:00
2115,774,953,1,2.18,confirmed,2017-06-11 12:17:00
2116,775,311,1,3.06,confirmed,2017-06-13 12:59:00
2117,775,802,1,3.06,confirmed,2017-06-12 18:59:00
2118,775,872,1,3.06,confirmed,2017-06-13 17:59:00
2119,775,899,1,3.06,confirmed,2017-06-11 19:59:00
2120,776,442,2,7.02,confirmed,2017-06-14 12:32:00
2121,776,720,2,7.02,confirmed,2017-06-13 03:32:00
2122,777,199,1,5.65,confirmed,2017-06-14 21:10:00
2123,777,353,1,5.65,confirmed,2017-06-12 12:10:00
2125,778,834,1,7.68,confirmed,2017-06-13 07:09:00
2126,778,59,1,7.68,confirmed,2017-06-13 23:09:00
2128,779,672,2,5.12,confirmed,2017-06-15 22:29:00
2129,779,913,1,2.56,confirmed,2017-06-13 16:29:00
2130,780,508,3,11.73,cancelled,2017-06-15 11:10:00
2131,780,724,2,7.82,confirmed,2017-06-14 17:10:00
2132,781,891,2,20.08,confirmed,2017-06-14 18:40:00
2133,781,671,1,10.04,confirmed,2017-06-15 11:40:00
2134,781,251,2,20.08,confirmed,2017-06-16 13:40:00
2135,782,863,1,8.1,confirmed,2017-06-14 22:34:00
2136,782,535,1,8.1,confirmed,2017-06-17 02:34:00
2137,783,241,4,12.0,confirmed,2017-06-16 03:01:00
2138,784,22,4,19.92,cancelled,2017-06-18 00:08:00
2139,785,604,1,0.84,confirmed,2017-06-17 19:34:00
2140,785,395,2,1.68,confirmed,2017-06-17 20:34:00
2141,785,308,2,1.68,confirmed,2017-06-18 16:34:00
2142,786,390,3,2.58,confirmed,2017-06-19 14:35:00
2143,786,189,3,2.58,confirmed,2017-06-16 23:35:00
2144,787,961,2,23.24,cancelled,2017-06-18 11:37:00
2145,787,27,1,11.62,confirmed,2017-06-18 01:37:00
2146,787,933,2,23.24,cancelled,2017-06-19 13:37:00
2148,789,436,1,7.55,confirmed,2017-06-18 13:12:00
2149,789,588,1,7.55,confirmed,2017-06-19 07:12:00
2150,789,738,1,7.55,cancelled,2017-06-19 02:12:00
2151,789,583,1,7.55,confirmed,2017-06-19 06:12:00
2152,790,557,1,1.91,confirmed,2017-06-19 06:54:00
2153,790,303,1,1.91,confirmed,2017-06-18 21:54:00
2154,790,347,1,1.91,cancelled,2017-06-18 06:54:00
2155,790,586,1,1.91,confirmed,2017-06-20 13:54:00
2156,790,406,1,1.91,confirmed,2017-06-18 17:54:00
2157,790,40,1,1.91,confirmed,2017-06-17 15:54:00
2158,790,632,1,1.91,confirmed,2017-06-20 04:54:00
2160,791,626,1,3.62,confirmed,2017-06-22 03:43:00
2161,791,566,2,7.24,cancelled,2017-06-22 22:43:00
2162,792,647,1,4.11,cancelled,2017-06-30 07:55:00
2163,792,179,1,4.11,confirmed,2017-06-30 09:55:00
2164,793,702,2,8.9,confirmed,2017-06-30 11:12:00
2165,793,520,3,13.35,confirmed,2017-06-30 09:12:00
2166,794,1000,2,6.86,confirmed,2017-07-03 02:47:00
2167,794,264,1,3.43,confirmed,2017-07-02 22:47:00
2168,794,17,2,6.86,confirmed,2017-07-02 22:47:00
2169,795,209,3,14.82,confirmed,2017-07-01 03:10:00
2170,795,334,1,4.94,confirmed,2017-07-01 20:10:00
2171,796,26,3,7.38,confirmed,2017-07-02 21:50:00
2172,796,335,2,4.92,cancelled,2017-07-02 16:50:00
2173,797,967,1,3.07,confirmed,2017-07-04 12:13:00
2174,797,998,1,3.07,cancelled,2017-07-04 14:13:00
2175,797,302,1,3.07,confirmed,2017-07-03 01:13:00
2176,797,638,1,3.07,cancelled,2017-07-02 17:13:00
2177,798,674,2,7.24,confirmed,2017-07-05 02:12:00
2178,799,983,1,3.69,confirmed,2017-07-02 15:24:00
2179,800,553,1,1.48,confirmed,2017-07-03 14:24:00
2180,800,752,1,1.48,confirmed,2017-07-05 09:24:00
2181,800,125,1,1.48,cancelled,2017-07-04 15:24:00
2182,800,869,1,1.48,confirmed,2017-07-04 11:24:00
2184,801,323,2,3.36,confirmed,2017-07-04 11:41:00
2185,802,82,1,3.2,cancelled,2017-07-04 23:07:00
2186,802,362,1,3.2,confirmed,2017-07-05 07:07:00
2187,803,585,1,8.74,cancelled,2017-07-15 02:15:00
2188,803,849,2,17.48,confirmed,2017-07-15 16:15:00
2189,804,816,2,12.1,confirmed,2017-07-14 15:13:00
2190,804,294,2,12.1,confirmed,2017-07-16 01:13:00
2191,804,351,2,12.1,confirmed,2017-07-15 18:13:00
2192,805,899,1,10.52,confirmed,2017-07-15 11:14:00
2193,805,466,2,21.04,confirmed,2017-07-15 04:14:00
2194,806,131,1,5.12,cancelled,2017-07-28 06:34:00
2195,807,171,1,5.21,cancelled,2017-07-26 15:44:00
2196,807,75,1,5.21,confirmed,2017-07-25 13:44:00
2197,807,136,1,5.21,confirmed,2017-07-27 21:44:00
2198,808,920,2,6.28,confirmed,2017-07-28 23:30:00
2199,808,846,1,3.14,confirmed,2017-07-27 15:30:00
2200,808,921,2,6.28,cancelled,2017-07-27 03:30:00
2201,809,297,1,3.78,confirmed,2017-07-26 20:56:00
2202,809,777,1,3.78,confirmed,2017-07-29 13:56:00
2203,809,490,1,3.78,confirmed,2017-07-27 03:56:00
2204,809,718,1,3.78,confirmed,2017-07-28 15:56:00
2205,810,741,1,3.3,confirmed,2017-08-01 01:36:00
2206,810,604,1,3.3,confirmed,2017-07-31 22:36:00
2207,810,287,1,3.3,confirmed,2017-08-01 15:36:00
2208,811,777,1,10.84,confirmed,2017-08-06 07:26:00
2209,811,183,2,21.68,confirmed,2017-08-05 17:26:00
2210,811,978,1,10.84,confirmed,2017-08-06 12:26:00
2211,812,295,3,8.16,confirmed,2017-08-07 11:03:00
2213,813,963,1,1.81,confirmed,2017-08-08 23:19:00
2214,814,212,2,12.32,confirmed,2017-08-09 16:25:00
2215,815,7,1,4.46,confirmed,2017-08-10 06:42:00
2216,815,502,3,13.38,confirmed,2017-08-09 10:42:00
2217,816,852,2,13.5,cancelled,2017-08-11 20:09:00
2218,816,466,2,13.5,cancelled,2017-08-09 20:09:00
2219,817,89,2,11.16,confirmed,2017-08-12 00:53:00
2220,817,887,2,11.16,cancelled,2017-08-11 10:53:00
2221,817,141,1,5.58,confirmed,2017-08-09 22:53:00
2222,818,283,1,2.56,confirmed,2017-08-11 18:28:00
2223,818,466,1,2.56,confirmed,2017-08-10 16:28:00
2224,818,647,2,5.12,confirmed,2017-08-10 11:28:00
2225,819,973,1,4.56,confirmed,2017-08-11 11:39:00
2226,820,691,3,15.3,confirmed,2017-08-11 21:29:00
2227,820,201,2,10.2,confirmed,2017-08-12 23:29:00
2229,821,652,1,4.29,confirmed,2017-08-12 05:17:00
2230,822,729,1,4.58,confirmed,2017-08-14 06:22:00
2231,822,183,3,13.74,confirmed,2017-08-14 09:22:00
2232,823,497,1,30.26,cancelled,2017-08-16 16:11:00
2233,823,545,2,60.52,confirmed,2017-08-15 07:11:00
2234,823,674,2,60.52,confirmed,2017-08-15 00:11:00
2235,824,304,1,10.33,confirmed,2017-08-15 12:11:00
2236,824,99,1,10.33,confirmed,2017-08-15 15:11:00
2237,824,226,1,10.33,confirmed,2017-08-16 05:11:00
2238,824,117,1,10.33,confirmed,2017-08-15 19:11:00
2239,825,794,2,20.22,cancelled,2017-08-15 07:13:00
2240,825,905,3,30.33,confirmed,2017-08-16 15:13:00
2241,826,298,3,32.31,confirmed,2017-08-15 19:18:00
2242,827,577,3,10.23,confirmed,2017-08-16 20:21:00
2243,828,402,1,4.84,confirmed,2017-08-19 06:05:00
2244,828,830,1,4.84,confirmed,2017-08-18 08:05:00
2245,828,454,1,4.84,confirmed,2017-08-19 07:05:00
2246,828,437,1,4.84,confirmed,2017-08-18 08:05:00
2247,829,898,1,1.36,cancelled,2017-08-17 19:13:00
2248,829,171,1,1.36,confirmed,2017-08-19 11:13:00
2249,829,550,1,1.36,cancelled,2017-08-19 02:13:00
2250,829,212,2,2.72,cancelled,2017-08-16 15:13:00
2251,829,800,1,1.36,confirmed,2017-08-16 19:13:00
2253,830,550,2,4.08,cancelled,2017-08-18 08:37:00
2254,831,822,3,15.27,confirmed,2017-08-18 15:39:00
2255,831,166,2,10.18,cancelled,2017-08-19 14:39:00
2256,831,934,1,5.09,confirmed,2017-08-16 23:39:00
2257,832,515,4,7.24,confirmed,2017-08-20 07:48:00
2258,833,290,1,26.88,confirmed,2017-08-19 07:48:00
2259,833,309,1,26.88,confirmed,2017-08-19 23:48:00
2260,834,673,1,13.41,cancelled,2017-08-20 09:31:00
2261,834,412,1,13.41,confirmed,2017-08-18 13:31:00
2262,834,135,1,13.41,confirmed,2017-08-17 21:31:00
2263,834,839,1,13.41,confirmed,2017-08-18 16:31:00
2264,835,853,3,30.96,cancelled,2017-08-19 22:51:00
2265,836,526,1,11.0,confirmed,2017-09-01 00:17:00
2267,836,24,1,11.0,confirmed,2017-09-01 01:17:00
2269,837,496,1,2.79,confirmed,2017-09-01 19:45:00
2271,837,931,1,2.79,confirmed,2017-09-04 07:45:00
2272,838,791,1,3.51,confirmed,2017-09-02 20:51:00
2273,838,238,1,3.51,confirmed,2017-09-04 01:51:00
2274,838,459,1,3.51,confirmed,2017-09-03 09:51:00
2275,838,379,1,3.51,confirmed,2017-09-04 01:51:00
2276,839,414,2,22.26,confirmed,2017-09-09 02:46:00
2277,839,633,1,11.13,confirmed,2017-09-08 23:46:00
2278,840,319,1,3.8,confirmed,2017-09-11 05:20:00
2279,840,760,1,3.8,confirmed,2017-09-12 07:20:00
2280,840,346,1,3.8,confirmed,2017-09-11 17:20:00
2281,840,856,1,3.8,confirmed,2017-09-10 20:20:00
2282,841,570,1,3.79,cancelled,2017-09-21 03:42:00
2283,841,881,1,3.79,confirmed,2017-09-23 08:42:00
2284,841,759,1,3.79,confirmed,2017-09-22 18:42:00
2285,842,203,1,2.78,confirmed,2017-09-21 08:36:00
2286,842,450,2,5.56,confirmed,2017-09-20 19:36:00
2287,843,144,1,3.58,confirmed,2017-09-23 03:55:00
2288,843,768,1,3.58,confirmed,2017-09-23 03:55:00
2289,843,897,1,3.58,confirmed,2017-09-22 17:55:00
2290,843,562,1,3.58,confirmed,2017-09-21 22:55:00
2291,844,824,3,15.27,confirmed,2017-09-23 11:26:00
2292,844,630,2,10.18,confirmed,2017-09-23 01:26:00
2293,845,169,3,11.49,cancelled,2017-10-21 12:45:00
2294,845,538,2,7.66,confirmed,2017-10-20 18:45:00
2295,846,69,1,14.35,confirmed,2017-10-21 04:09:00
2296,846,6,1,14.35,confirmed,2017-10-21 09:09:00
2297,846,320,1,14.35,confirmed,2017-10-21 08:09:00
2298,846,720,1,14.35,confirmed,2017-10-20 12:09:00
2299,847,645,1,3.62,confirmed,2017-10-23 09:28:00
2300,847,15,2,7.24,confirmed,2017-10-23 12:28:00
2301,847,952,2,7.24,confirmed,2017-10-24 14:28:00
2302,848,608,2,41.18,confirmed,2017-10-24 13:32:00
2303,849,183,1,2.87,confirmed,2017-10-29 20:38:00
2304,849,270,2,5.74,confirmed,2017-10-31 03:38:00
2305,849,579,2,5.74,confirmed,2017-11-01 14:38:00
2306,850,238,1,3.35,confirmed,2017-11-01 16:10:00
2307,850,222,1,3.35,confirmed,2017-11-01 10:10:00
2308,850,94,1,3.35,confirmed,2017-10-30 08:10:00
2309,850,953,1,3.35,confirmed,2017-10-30 23:10:00
2310,850,824,1,3.35,confirmed,2017-11-01 01:10:00
2311,850,631,1,3.35,confirmed,2017-10-30 16:10:00
2312,850,151,1,3.35,confirmed,2017-10-30 19:10:00
2313,851,860,1,2.74,cancelled,2017-11-10 08:17:00
2314,851,536,1,2.74,cancelled,2017-11-10 00:17:00
2315,851,325,1,2.74,cancelled,2017-11-08 12:17:00
2316,852,503,1,4.48,confirmed,2017-11-09 05:50:00
2317,852,713,1,4.48,confirmed,2017-11-09 14:50:00
2318,852,809,1,4.48,confirmed,2017-11-09 16:50:00
2319,852,257,1,4.48,confirmed,2017-11-08 13:50:00
2320,853,392,1,9.78,cancelled,2017-11-14 13:55:00
2321,853,384,1,9.78,confirmed,2017-11-11 19:55:00
2322,854,6,3,42.6,confirmed,2017-11-12 16:56:00
2323,854,602,3,42.6,confirmed,2017-11-14 14:56:00
2324,855,35,2,10.46,confirmed,2017-11-14 22:54:00
2325,855,664,2,10.46,confirmed,2017-11-16 03:54:00
2327,856,178,1,3.37,confirmed,2017-11-16 04:54:00
2328,856,486,1,3.37,confirmed,2017-11-15 09:54:00
2329,856,769,1,3.37,confirmed,2017-11-15 16:54:00
2330,856,897,1,3.37,confirmed,2017-11-16 00:54:00
2332,857,880,1,3.43,confirmed,2017-11-16 19:48:00
2333,857,559,1,3.43,cancelled,2017-11-16 13:48:00
2334,858,15,1,2.75,confirmed,2017-11-21 06:21:00
2335,858,965,1,2.75,confirmed,2017-11-18 21:21:00
2336,858,682,1,2.75,confirmed,2017-11-21 03:21:00
2337,859,456,2,3.82,confirmed,2017-11-18 23:04:00
2338,859,46,2,3.82,confirmed,2017-11-21 15:04:00
2339,860,281,1,3.62,confirmed,2017-11-21 04:17:00
2340,860,576,2,7.24,confirmed,2017-11-21 04:17:00
2341,860,360,1,3.62,confirmed,2017-11-20 16:17:00
2342,861,607,1,4.26,confirmed,2017-11-22 10:52:00
2343,861,643,2,8.52,confirmed,2017-11-20 01:52:00
2344,861,990,1,4.26,cancelled,2017-11-21 04:52:00
2345,862,859,1,1.95,confirmed,2017-11-22 18:29:00
2346,862,699,2,3.9,confirmed,2017-11-21 22:29:00
2347,862,659,1,1.95,confirmed,2017-11-21 18:29:00
2348,863,232,1,3.83,confirmed,2017-11-21 22:14:00
2349,863,857,1,3.83,confirmed,2017-11-22 02:14:00
2350,863,193,1,3.83,confirmed,2017-11-21 13:14:00
2351,863,280,1,3.83,confirmed,2017-11-20 17:14:00
2352,864,851,1,4.0,confirmed,2017-11-21 13:47:00
2353,864,648,1,4.0,confirmed,2017-11-22 12:47:00
2354,864,705,1,4.0,confirmed,2017-11-22 02:47:00
2355,864,853,1,4.0,confirmed,2017-11-20 22:47:00
2356,865,93,1,4.29,confirmed,2017-11-21 04:19:00
2357,865,527,2,8.58,confirmed,2017-11-23 01:19:00
2358,865,793,1,4.29,confirmed,2017-11-21 04:19:00
2359,866,382,1,4.37,confirmed,2017-11-23 20:22:00
2360,866,579,2,8.74,cancelled,2017-11-24 08:22:00
2361,866,387,1,4.37,confirmed,2017-11-22 15:22:00
2362,867,665,1,8.2,cancelled,2017-11-23 02:00:00
2363,867,926,1,8.2,confirmed,2017-11-23 18:00:00
2364,867,103,1,8.2,confirmed,2017-11-22 07:00:00
2365,868,750,1,10.4,confirmed,2017-11-22 21:45:00
2366,868,410,1,10.4,confirmed,2017-11-22 17:45:00
2367,868,486,1,10.4,confirmed,2017-11-23 15:45:00
2368,868,856,1,10.4,confirmed,2017-11-23 10:45:00
2369,869,609,1,11.01,cancelled,2017-11-22 03:03:00
2371,869,168,1,11.01,confirmed,2017-11-24 16:03:00
2372,869,526,1,11.01,confirmed,2017-11-24 04:03:00
2373,870,355,1,10.94,confirmed,2017-11-24 01:17:00
2374,870,471,1,10.94,confirmed,2017-11-24 00:17:00
2375,870,406,1,10.94,cancelled,2017-11-22 16:17:00
2376,870,170,1,10.94,confirmed,2017-11-24 04:17:00
2377,870,473,1,10.94,confirmed,2017-11-24 03:17:00
2378,870,1,1,10.94,confirmed,2017-11-22 01:17:00
2379,870,676,1,10.94,confirmed,2017-11-22 11:17:00
2380,871,853,1,11.61,confirmed,2017-11-23 07:18:00
2381,871,476,1,11.61,confirmed,2017-11-23 06:18:00
2382,871,725,1,11.61,cancelled,2017-11-22 17:18:00
2383,871,249,1,11.61,confirmed,2017-11-23 03:18:00
2384,872,687,1,1.73,confirmed,2017-11-24 13:59:00
2385,872,760,1,1.73,confirmed,2017-11-23 16:59:00
2386,872,995,1,1.73,confirmed,2017-11-23 09:59:00
2387,872,602,1,1.73,confirmed,2017-11-24 18:59:00
2388,873,193,1,1.88,confirmed,2017-11-23 12:48:00
2389,873,46,1,1.88,confirmed,2017-11-24 01:48:00
2390,873,217,1,1.88,confirmed,2017-11-23 00:48:00
2391,873,310,1,1.88,confirmed,2017-11-23 08:48:00
2392,874,168,2,4.0,confirmed,2017-11-25 01:44:00
2393,875,827,1,1.76,confirmed,2017-11-23 11:45:00
2394,875,85,1,1.76,confirmed,2017-11-24 22:45:00
2395,875,355,1,1.76,confirmed,2017-11-25 13:45:00
2396,875,704,1,1.76,confirmed,2017-11-23 11:45:00
2397,876,791,1,1.37,confirmed,2017-11-25 01:01:00
2398,876,56,1,1.37,confirmed,2017-11-23 03:01:00
2399,876,311,1,1.37,cancelled,2017-11-23 17:01:00
2400,876,437,1,1.37,confirmed,2017-11-23 09:01:00
2401,877,779,1,1.9,confirmed,2017-11-24 11:19:00
2402,877,393,1,1.9,confirmed,2017-11-23 10:19:00
2403,877,893,2,3.8,confirmed,2017-11-24 08:19:00
2404,877,692,1,1.9,confirmed,2017-11-23 06:19:00
2405,877,82,2,3.8,confirmed,2017-11-23 21:19:00
2406,878,437,2,4.76,confirmed,2017-11-25 17:59:00
2407,878,346,2,4.76,confirmed,2017-11-23 23:59:00
2408,879,18,1,7.19,confirmed,2017-11-24 00:20:00
2409,879,459,1,7.19,confirmed,2017-11-23 19:20:00
2410,879,333,1,7.19,confirmed,2017-11-23 01:20:00
2411,879,305,1,7.19,confirmed,2017-11-25 03:20:00
2412,880,443,1,12.97,confirmed,2017-11-25 02:56:00
2413,880,916,1,12.97,confirmed,2017-11-24 16:56:00
2414,880,282,1,12.97,confirmed,2017-11-25 21:56:00
2415,880,354,1,12.97,confirmed,2017-11-25 23:56:00
2416,881,951,2,8.26,confirmed,2017-11-26 11:13:00
2418,881,769,1,4.13,cancelled,2017-11-24 06:13:00
2419,882,814,2,8.76,confirmed,2017-11-25 04:01:00
2420,883,712,1,5.92,confirmed,2017-11-24 22:51:00
2421,883,820,1,5.92,confirmed,2017-11-25 03:51:00
2422,884,766,2,8.42,confirmed,2017-11-27 07:56:00
2423,884,707,4,16.84,cancelled,2017-11-26 00:56:00
2424,884,798,3,12.63,confirmed,2017-11-26 10:56:00
2425,885,802,4,25.88,confirmed,2017-11-26 02:18:00
2426,886,475,2,9.66,confirmed,2017-11-26 10:57:00
2427,886,615,1,4.83,confirmed,2017-11-26 10:57:00
2428,886,811,1,4.83,confirmed,2017-11-25 04:57:00
2429,887,652,1,3.22,confirmed,2017-11-24 16:40:00
2430,887,611,1,3.22,confirmed,2017-11-25 23:40:00
2431,887,337,1,3.22,cancelled,2017-11-26 20:40:00
2432,887,556,1,3.22,cancelled,2017-11-25 00:40:00
2433,888,547,1,11.33,confirmed,2017-11-26 12:36:00
2434,888,716,2,22.66,confirmed,2017-11-27 10:36:00
2435,889,500,1,5.67,confirmed,2017-11-26 15:33:00
2436,889,576,1,5.67,confirmed,2017-11-28 04:33:00
2437,889,354,1,5.67,confirmed,2017-11-27 10:33:00
2438,889,86,1,5.67,confirmed,2017-11-26 02:33:00
2439,889,213,1,5.67,confirmed,2017-11-26 19:33:00
2441,890,388,1,3.67,confirmed,2017-11-27 06:14:00
2443,891,887,1,2.97,confirmed,2017-11-26 06:18:00
2444,892,361,1,4.01,confirmed,2017-11-26 12:06:00
2445,892,771,1,4.01,confirmed,2017-11-26 18:06:00
2446,892,223,1,4.01,confirmed,2017-11-26 07:06:00
2447,892,429,1,4.01,confirmed,2017-11-26 22:06:00
2448,893,161,1,5.81,confirmed,2017-11-28 13:14:00
2449,893,948,2,11.62,confirmed,2017-11-27 15:14:00
2451,895,653,3,24.09,confirmed,2017-11-26 01:09:00
2452,895,30,1,8.03,confirmed,2017-11-26 13:09:00
2453,896,333,2,17.98,confirmed,2017-11-26 05:14:00
2454,897,976,3,10.08,confirmed,2017-11-27 08:42:00
2455,898,872,1,2.04,confirmed,2017-11-28 05:30:00
2456,898,937,1,2.04,confirmed,2017-11-28 10:30:00
2457,899,136,1,10.98,confirmed,2017-11-28 01:17:00
2458,899,301,2,21.96,confirmed,2017-11-28 04:17:00
2459,899,67,1,10.98,confirmed,2017-11-28 01:17:00
2460,900,824,3,8.85,cancelled,2017-11-30 15:39:00
2461,901,475,1,11.12,confirmed,2017-12-01 20:06:00
2462,901,741,3,33.36,confirmed,2017-11-29 06:06:00
2464,902,395,1,7.39,confirmed,2017-11-29 13:44:00
2465,902,73,1,7.39,confirmed,2017-12-02 02:44:00
2466,902,803,1,7.39,cancelled,2017-12-02 04:44:00
2467,903,410,2,11.54,confirmed,2017-12-02 01:51:00
2468,903,735,1,5.77,confirmed,2017-12-01 07:51:00
2469,903,951,1,5.77,confirmed,2017-11-30 18:51:00
2470,904,674,1,2.67,cancelled,2017-12-01 19:32:00
2471,904,348,1,2.67,confirmed,2017-12-02 14:32:00
2472,905,471,4,10.56,confirmed,2017-12-03 09:09:00
2473,906,303,2,6.8,confirmed,2017-12-04 00:47:00
2474,906,707,3,10.2,confirmed,2017-12-05 05:47:00
2475,906,457,1,3.4,confirmed,2017-12-03 21:47:00
2476,907,227,3,8.97,confirmed,2017-12-04 07:00:00
2477,908,969,2,6.14,confirmed,2017-12-05 11:04:00
2478,908,735,2,6.14,confirmed,2017-12-07 03:04:00
2479,908,163,1,3.07,confirmed,2017-12-05 18:04:00
2480,909,654,2,9.38,confirmed,2017-12-08 00:09:00
2481,909,234,1,4.69,confirmed,2017-12-06 01:09:00
2482,909,29,4,18.76,confirmed,2017-12-07 21:09:00
2483,910,661,2,26.48,confirmed,2017-12-07 08:52:00
2484,910,160,2,26.48,confirmed,2017-12-06 13:52:00
2485,910,603,2,26.48,confirmed,2017-12-07 08:52:00
2486,911,686,1,5.93,confirmed,2017-12-07 20:35:00
2487,912,230,2,6.0,confirmed,2017-12-08 21:36:00
2488,912,154,3,9.0,confirmed,2017-12-06 21:36:00
2489,913,585,1,4.72,cancelled,2017-12-07 18:10:00
2490,913,936,1,4.72,confirmed,2017-12-08 15:10:00
2493,916,582,1,5.7,confirmed,2017-12-10 11:28:00
2494,916,537,1,5.7,confirmed,2017-12-09 00:28:00
2495,916,254,1,5.7,confirmed,2017-12-10 00:28:00
2496,916,251,1,5.7,confirmed,2017-12-10 10:28:00
2497,917,929,2,12.52,confirmed,2017-12-11 05:48:00
2498,918,234,3,7.53,confirmed,2017-12-09 06:24:00
2499,918,250,2,5.02,confirmed,2017-12-11 13:24:00
2500,919,810,1,3.56,confirmed,2017-12-10 01:56:00
2501,919,651,1,3.56,confirmed,2017-12-11 21:56:00
2502,919,75,1,3.56,confirmed,2017-12-10 19:56:00
2503,920,597,4,11.2,cancelled,2017-12-12 06:30:00
2505,921,660,1,2.53,confirmed,2017-12-10 19:16:00
2506,921,200,1,2.53,confirmed,2017-12-10 21:16:00
2508,922,890,3,9.78,confirmed,2017-12-10 19:04:00
2509,922,546,3,9.78,confirmed,2017-12-13 04:04:00
2510,922,255,2,6.52,confirmed,2017-12-12 02:04:00
2511,923,509,1,3.08,confirmed,2017-12-13 21:14:00
2512,923,168,1,3.08,confirmed,2017-12-11 13:14:00
2513,923,184,1,3.08,confirmed,2017-12-13 20:14:00
2514,923,68,1,3.08,confirmed,2017-12-11 17:14:00
2515,924,328,2,6.28,confirmed,2017-12-13 05:46:00
2516,924,786,1,3.14,confirmed,2017-12-14 00:46:00
2517,924,545,2,6.28,confirmed,2017-12-12 17:46:00
2518,925,874,3,14.67,confirmed,2017-12-13 03:42:00
2520,926,235,2,6.96,cancelled,2017-12-13 19:57:00
2521,926,957,2,6.96,confirmed,2017-12-13 15:57:00
2522,926,270,2,6.96,cancelled,2017-12-13 17:57:00
2523,927,316,1,3.72,confirmed,2017-12-13 15:59:00
2526,927,403,1,3.72,cancelled,2017-12-14 17:59:00
2527,928,679,2,3.6,confirmed,2017-12-13 20:38:00
2528,928,735,1,1.8,confirmed,2017-12-13 19:38:00
2529,929,573,1,4.54,confirmed,2017-12-13 18:50:00
2530,929,575,2,9.08,cancelled,2017-12-15 21:50:00
2531,929,758,1,4.54,confirmed,2017-12-14 17:50:00
2532,930,966,1,4.79,confirmed,2017-12-14 12:27:00
2533,930,740,1,4.79,confirmed,2017-12-14 13:27:00
2534,930,609,1,4.79,confirmed,2017-12-14 18:27:00
2535,930,483,1,4.79,confirmed,2017-12-14 05:27:00
2536,931,114,1,8.43,confirmed,2017-12-16 06:11:00
2537,931,485,1,8.43,cancelled,2017-12-16 20:11:00
2538,931,138,1,8.43,confirmed,2017-12-16 02:11:00
2539,932,336,3,9.75,confirmed,2017-12-17 10:15:00
2540,932,588,3,9.75,confirmed,2017-12-17 06:15:00
2541,933,144,1,5.81,cancelled,2017-12-17 04:22:00
2542,934,370,1,3.05,confirmed,2017-12-18 04:19:00
2543,934,928,1,3.05,confirmed,2017-12-18 08:19:00
2544,934,793,1,3.05,confirmed,2017-12-19 07:19:00
2545,934,457,1,3.05,confirmed,2017-12-17 05:19:00
2546,934,767,1,3.05,confirmed,2017-12-16 19:19:00
2547,934,907,1,3.05,cancelled,2017-12-19 02:19:00
2548,934,220,1,3.05,confirmed,2017-12-17 02:19:00
2549,935,984,3,7.14,confirmed,2017-12-17 00:05:00
2550,936,590,1,4.22,confirmed,2017-12-19 05:51:00
2551,936,342,1,4.22,confirmed,2017-12-16 23:51:00
2552,936,651,1,4.22,confirmed,2017-12-17 05:51:00
2553,937,771,3,11.85,confirmed,2017-12-19 01:34:00
2554,937,75,2,7.9,confirmed,2017-12-19 17:34:00
2555,938,75,2,13.96,confirmed,2017-12-18 07:07:00
2556,938,187,1,6.98,confirmed,2017-12-19 01:07:00
2557,938,665,1,6.98,confirmed,2017-12-18 13:07:00
2558,939,9,2,6.36,confirmed,2017-12-20 00:55:00
2559,940,878,2,7.56,confirmed,2017-12-20 08:33:00
2560,940,229,2,7.56,cancelled,2017-12-20 14:33:00
2561,940,600,1,3.78,confirmed,2017-12-20 07:33:00
2562,941,186,1,23.44,confirmed,2017-12-18 20:00:00
2564,941,27,2,46.88,cancelled,2017-12-20 15:00:00
2566,942,168,1,11.27,confirmed,2017-12-21 19:08:00
2567,943,900,4,15.44,confirmed,2017-12-19 23:56:00
2568,943,922,1,3.86,confirmed,2017-12-20 21:56:00
2569,944,51,1,4.87,confirmed,2017-12-22 10:31:00
2570,944,458,1,4.87,confirmed,2017-12-23 12:31:00
2571,944,450,1,4.87,confirmed,2017-12-23 08:31:00
2572,944,409,1,4.87,cancelled,2017-12-22 13:31:00
2573,945,426,1,4.8,confirmed,2017-12-22 15:36:00
2574,945,196,2,9.6,confirmed,2017-12-23 23:36:00
2575,945,216,2,9.6,confirmed,2017-12-22 13:36:00
2576,946,410,1,3.5,confirmed,2017-12-22 23:20:00
2577,946,986,1,3.5,confirmed,2017-12-23 00:20:00
2579,946,103,1,3.5,cancelled,2017-12-24 12:20:00
2580,947,749,2,6.86,confirmed,2017-12-24 13:09:00
2581,947,664,1,3.43,confirmed,2017-12-25 04:09:00
2582,947,920,1,3.43,confirmed,2017-12-23 08:09:00
2583,948,63,2,7.08,cancelled,2017-12-24 21:41:00
2584,949,634,1,4.04,confirmed,2017-12-25 22:59:00
2585,949,425,1,4.04,confirmed,2017-12-25 21:59:00
2586,949,845,2,8.08,cancelled,2017-12-26 06:59:00
2587,950,31,1,3.29,confirmed,2017-12-25 10:43:00
2588,950,511,2,6.58,confirmed,2017-12-27 06:43:00
2589,951,340,1,3.46,cancelled,2017-12-29 09:08:00
2590,952,937,1,4.27,confirmed,2017-12-27 20:39:00
2591,952,418,1,4.27,confirmed,2017-12-30 14:39:00
2593,953,229,2,11.54,confirmed,2017-12-28 12:01:00
2594,953,95,2,11.54,confirmed,2017-12-30 17:01:00
2595,954,488,2,11.64,confirmed,2018-01-01 12:27:00
2597,954,923,2,11.64,confirmed,2018-01-03 08:27:00
2598,955,225,1,3.4,cancelled,2018-01-03 16:41:00
2599,955,529,1,3.4,confirmed,2018-01-03 22:41:00
2600,956,290,1,1.65,confirmed,2018-01-04 12:37:00
2601,956,910,1,1.65,confirmed,2018-01-03 00:37:00
2602,956,631,1,1.65,confirmed,2018-01-04 19:37:00
2603,956,108,1,1.65,confirmed,2018-01-04 17:37:00
2604,957,756,1,8.11,confirmed,2018-01-03 13:46:00
2605,957,959,1,8.11,confirmed,2018-01-04 15:46:00
2606,957,873,1,8.11,confirmed,2018-01-05 10:46:00
2607,958,166,2,14.68,confirmed,2018-01-03 03:47:00
2608,958,407,2,14.68,cancelled,2018-01-04 16:47:00
2609,959,463,1,3.76,confirmed,2018-01-05 02:30:00
2610,959,220,1,3.76,confirmed,2018-01-03 00:30:00
2611,959,465,1,3.76,confirmed,2018-01-04 18:30:00
2612,959,638,1,3.76,confirmed,2018-01-03 03:30:00
2613,960,681,1,4.11,confirmed,2018-01-06 06:21:00
2614,960,99,1,4.11,confirmed,2018-01-05 09:21:00
2616,960,878,1,4.11,confirmed,2018-01-05 05:21:00
2617,961,124,3,8.07,confirmed,2018-01-05 21:14:00
2619,962,447,1,4.13,confirmed,2018-01-05 00:56:00
2620,962,568,1,4.13,confirmed,2018-01-06 13:56:00
2621,963,204,3,5.52,confirmed,2018-01-08 14:29:00
2622,964,821,3,9.42,confirmed,2018-01-07 13:07:00
2623,965,384,1,2.1,confirmed,2018-01-09 04:46:00
2624,965,163,3,6.3,confirmed,2018-01-08 02:46:00
2626,967,400,2,5.2,cancelled,2018-01-08 22:36:00
2627,967,924,2,5.2,confirmed,2018-01-09 19:36:00
2628,967,536,1,2.6,confirmed,2018-01-08 10:36:00
2629,968,214,1,4.54,confirmed,2018-01-10 02:37:00
2630,968,947,1,4.54,confirmed,2018-01-11 10:37:00
2631,968,753,1,4.54,confirmed,2018-01-11 10:37:00
2632,969,401,1,2.01,confirmed,2018-01-10 20:51:00
2633,969,607,1,2.01,cancelled,2018-01-11 16:51:00
2634,969,199,1,2.01,confirmed,2018-01-11 13:51:00
2635,969,255,1,2.01,confirmed,2018-01-12 06:51:00
2636,970,535,3,10.98,confirmed,2018-01-10 05:18:00
2637,971,678,3,8.28,cancelled,2018-01-11 14:09:00
2638,971,449,6,16.56,confirmed,2018-01-13 16:09:00
2639,972,903,3,7.2,confirmed,2018-01-13 08:05:00
2640,973,391,3,3.72,confirmed,2018-01-12 09:12:00
2641,974,601,1,2.42,confirmed,2018-01-13 16:30:00
2642,974,173,1,2.42,confirmed,2018-01-12 22:30:00
2643,974,899,1,2.42,cancelled,2018-01-12 05:30:00
2644,974,728,1,2.42,confirmed,2018-01-14 07:30:00
2645,975,864,2,5.68,cancelled,2018-01-12 03:52:00
2646,975,743,2,5.68,confirmed,2018-01-13 12:52:00
2647,975,752,2,5.68,confirmed,2018-01-14 08:52:00
2648,976,249,1,3.6,confirmed,2018-01-14 15:29:00
2649,976,601,1,3.6,confirmed,2018-01-13 04:29:00
2650,976,507,1,3.6,confirmed,2018-01-14 15:29:00
2651,976,227,1,3.6,confirmed,2018-01-14 13:29:00
2652,977,370,3,6.24,confirmed,2018-01-13 03:12:00
2653,977,596,2,4.16,confirmed,2018-01-15 03:12:00
2654,978,664,2,4.76,confirmed,2018-01-12 18:43:00
2655,978,809,1,2.38,cancelled,2018-01-13 05:43:00
2656,978,451,1,2.38,confirmed,2018-01-14 13:43:00
2657,979,647,3,7.56,confirmed,2018-01-13 10:38:00
2658,980,748,4,18.6,cancelled,2018-01-15 00:39:00
2660,981,701,3,15.87,confirmed,2018-01-16 03:34:00
2661,981,353,3,15.87,confirmed,2018-01-15 00:34:00
2662,982,216,3,20.73,confirmed,2018-01-14 07:07:00
2663,982,573,2,13.82,confirmed,2018-01-15 12:07:00
2664,983,879,1,5.68,confirmed,2018-01-15 15:33:00
2665,983,92,1,5.68,cancelled,2018-01-16 19:33:00
2666,983,342,1,5.68,confirmed,2018-01-14 15:33:00
2667,983,361,1,5.68,confirmed,2018-01-16 05:33:00
2668,984,878,2,16.94,confirmed,2018-01-15 00:36:00
2669,984,726,2,16.94,confirmed,2018-01-16 11:36:00
2670,984,498,2,16.94,confirmed,2018-01-16 08:36:00
2671,985,932,2,12.3,confirmed,2018-01-14 12:39:00
2672,985,520,1,6.15,confirmed,2018-01-16 23:39:00
2673,985,719,1,6.15,confirmed,2018-01-15 05:39:00
2674,986,150,2,5.52,confirmed,2018-01-16 08:30:00
2675,986,735,1,2.76,cancelled,2018-01-16 20:30:00
2676,986,349,1,2.76,confirmed,2018-01-17 05:30:00
2677,987,847,1,2.8,confirmed,2018-01-17 09:34:00
2678,987,42,1,2.8,confirmed,2018-01-17 16:34:00
2679,987,252,1,2.8,cancelled,2018-01-16 12:34:00
2680,987,563,1,2.8,confirmed,2018-01-17 07:34:00
2681,988,989,3,8.94,confirmed,2018-01-18 02:31:00
2682,988,22,2,5.96,confirmed,2018-01-19 10:31:00
2683,989,191,1,2.79,confirmed,2018-01-18 12:18:00
2684,989,870,1,2.79,confirmed,2018-01-18 15:18:00
2685,989,533,1,2.79,confirmed,2018-01-18 15:18:00
2686,989,596,1,2.79,confirmed,2018-01-18 16:18:00
2687,990,983,3,9.24,confirmed,2018-01-21 07:47:00
2688,991,99,3,8.01,confirmed,2018-01-21 14:22:00
2689,991,941,2,5.34,confirmed,2018-01-23 05:22:00
2690,992,736,1,3.03,confirmed,2018-01-24 14:08:00
2691,992,720,2,6.06,confirmed,2018-01-22 05:08:00
2692,992,662,2,6.06,confirmed,2018-01-23 23:08:00
2693,993,575,4,11.68,confirmed,2018-01-25 02:35:00
2694,994,489,1,3.58,confirmed,2018-01-23 22:00:00
2696,995,972,1,2.17,confirmed,2018-01-23 19:52:00
2697,995,920,2,4.34,confirmed,2018-01-25 16:52:00
2698,995,747,2,4.34,confirmed,2018-01-24 00:52:00
2699,996,553,2,6.76,confirmed,2018-01-23 17:24:00
2700,996,715,2,6.76,confirmed,2018-01-23 13:24:00
2701,996,692,2,6.76,cancelled,2018-01-26 04:24:00
2702,997,603,1,3.5,confirmed,2018-01-24 07:57:00
2703,997,123,2,7.0,confirmed,2018-01-26 02:57:00
2705,998,31,2,5.52,confirmed,2018-01-25 09:18:00
2706,998,666,1,2.76,confirmed,2018-01-25 00:18:00
2707,999,719,1,2.7,cancelled,2018-01-26 13:57:00
2708,999,973,1,2.7,confirmed,2018-01-26 18:57:00
2709,999,703,1,2.7,confirmed,2018-01-26 16:57:00
2710,1000,726,2,2.92,confirmed,2018-01-27 16:59:00
2711,1000,441,2,2.92,confirmed,2018-01-27 10:59:00
2712,1001,664,2,5.18,confirmed,2018-01-28 22:38:00
2713,1001,650,2,5.18,confirmed,2018-01-29 03:38:00
2714,1001,84,1,2.59,confirmed,2018-01-28 22:38:00
2715,1002,2,3,16.35,confirmed,2018-01-28 14:41:00
2716,1002,988,2,10.9,confirmed,2018-01-28 08:41:00
2717,1003,980,2,8.02,confirmed,2018-01-27 17:43:00
2718,1004,550,2,5.74,confirmed,2018-01-30 01:21:00
2719,1004,224,3,8.61,confirmed,2018-01-29 22:21:00
2720,1005,725,1,2.77,confirmed,2018-01-29 01:31:00
2721,1005,868,1,2.77,confirmed,2018-01-28 13:31:00
2722,1005,902,1,2.77,cancelled,2018-01-29 18:31:00
2723,1005,792,1,2.77,confirmed,2018-01-30 10:31:00
2724,1006,923,2,6.12,confirmed,2018-01-31 00:45:00
2725,1006,103,3,9.18,cancelled,2018-01-29 09:45:00
2726,1007,563,1,3.53,cancelled,2018-01-29 10:55:00
2727,1007,853,1,3.53,confirmed,2018-01-30 10:55:00
2728,1007,399,1,3.53,confirmed,2018-01-29 18:55:00
2729,1008,815,1,4.92,confirmed,2018-01-30 19:55:00
2730,1008,414,3,14.76,confirmed,2018-02-01 20:55:00
2731,1009,681,3,9.9,cancelled,2018-02-02 23:43:00
2732,1010,404,2,5.82,confirmed,2018-02-04 00:38:00
2733,1010,777,1,2.91,confirmed,2018-02-04 03:38:00
2734,1010,561,2,5.82,confirmed,2018-02-05 23:38:00
2735,1010,660,2,5.82,confirmed,2018-02-05 20:38:00
2736,1010,206,2,5.82,confirmed,2018-02-04 08:38:00
2737,1011,510,2,6.66,confirmed,2018-02-07 02:41:00
2738,1011,807,1,3.33,confirmed,2018-02-06 22:41:00
2739,1011,791,2,6.66,cancelled,2018-02-04 12:41:00
2740,1012,658,2,19.2,confirmed,2018-02-05 13:09:00
2741,1013,49,3,24.6,confirmed,2018-02-06 20:10:00
2742,1014,845,4,15.4,confirmed,2018-02-06 00:46:00
2743,1015,521,3,21.27,confirmed,2018-02-07 19:39:00
2744,1015,380,1,7.09,confirmed,2018-02-07 23:39:00
2745,1016,731,1,2.74,confirmed,2018-02-06 08:22:00
2746,1016,328,2,5.48,confirmed,2018-02-08 22:22:00
2747,1017,946,4,13.96,confirmed,2018-02-08 18:53:00
2749,1018,928,2,6.66,confirmed,2018-02-07 16:43:00
2750,1018,247,1,3.33,confirmed,2018-02-08 12:43:00
2751,1019,905,2,4.46,confirmed,2018-02-09 00:49:00
2752,1019,946,2,4.46,confirmed,2018-02-08 05:49:00
2753,1019,433,2,4.46,confirmed,2018-02-09 10:49:00
2754,1020,260,1,3.67,confirmed,2018-02-08 03:17:00
2755,1020,616,1,3.67,confirmed,2018-02-09 08:17:00
2756,1020,11,1,3.67,confirmed,2018-02-09 22:17:00
2757,1020,643,1,3.67,cancelled,2018-02-07 22:17:00
2758,1021,188,3,36.12,confirmed,2018-02-11 01:55:00
2759,1022,292,1,14.71,confirmed,2018-02-11 22:58:00
2760,1022,550,1,14.71,cancelled,2018-02-11 12:58:00
2761,1022,294,1,14.71,confirmed,2018-02-09 22:58:00
2762,1022,878,1,14.71,confirmed,2018-02-12 09:58:00
2763,1023,491,1,20.59,cancelled,2018-02-12 00:12:00
2764,1023,112,1,20.59,confirmed,2018-02-12 15:12:00
2765,1023,115,2,41.18,confirmed,2018-02-11 00:12:00
2766,1023,235,4,82.36,confirmed,2018-02-10 15:12:00
2767,1024,680,2,22.54,confirmed,2018-02-11 14:55:00
2768,1025,584,1,4.6,cancelled,2018-02-11 14:53:00
2769,1026,945,2,4.2,confirmed,2018-02-13 13:13:00
2770,1026,180,2,4.2,confirmed,2018-02-12 07:13:00
2771,1026,359,1,2.1,confirmed,2018-02-12 20:13:00
2772,1027,675,1,2.48,cancelled,2018-02-13 12:44:00
2773,1027,740,1,2.48,confirmed,2018-02-12 08:44:00
2774,1027,450,1,2.48,confirmed,2018-02-12 04:44:00
2775,1028,115,1,3.07,confirmed,2018-02-11 01:20:00
2776,1029,635,2,5.58,confirmed,2018-02-12 04:53:00
2777,1030,40,1,2.63,confirmed,2018-02-14 03:11:00
2778,1030,147,2,5.26,confirmed,2018-02-13 20:11:00
2779,1031,789,1,2.79,confirmed,2018-02-14 00:53:00
2780,1031,582,1,2.79,confirmed,2018-02-11 16:53:00
2781,1031,123,1,2.79,confirmed,2018-02-12 03:53:00
2782,1031,879,1,2.79,cancelled,2018-02-12 22:53:00
2783,1032,503,2,5.84,cancelled,2018-02-13 15:23:00
2784,1032,629,2,5.84,confirmed,2018-02-12 12:23:00
2785,1032,257,1,2.92,confirmed,2018-02-13 12:23:00
2787,1032,653,2,5.84,confirmed,2018-02-12 03:23:00
2788,1032,466,2,5.84,confirmed,2018-02-12 00:23:00
2790,1033,902,1,3.06,confirmed,2018-02-13 06:44:00
2791,1033,555,1,3.06,cancelled,2018-02-12 23:44:00
2792,1033,874,1,3.06,confirmed,2018-02-13 08:44:00
2793,1034,373,4,11.16,confirmed,2018-02-13 15:01:00
2794,1034,346,2,5.58,confirmed,2018-02-15 10:01:00
2795,1034,334,2,5.58,cancelled,2018-02-14 12:01:00
2796,1034,683,4,11.16,confirmed,2018-02-14 06:01:00
2797,1035,661,2,6.06,confirmed,2018-02-16 07:03:00
2798,1035,315,2,6.06,confirmed,2018-02-14 16:03:00
2799,1035,219,1,3.03,confirmed,2018-02-15 01:03:00
2800,1036,677,3,11.64,confirmed,2018-02-17 00:41:00
2801,1036,394,1,3.88,confirmed,2018-02-17 07:41:00
2802,1037,281,3,5.91,confirmed,2018-02-18 15:39:00
2803,1037,765,3,5.91,confirmed,2018-02-18 09:39:00
2804,1038,422,2,5.78,confirmed,2018-02-19 04:14:00
2805,1038,325,2,5.78,confirmed,2018-02-17 01:14:00
2806,1039,694,1,2.63,confirmed,2018-02-20 01:23:00
2807,1040,9,1,3.93,confirmed,2018-02-21 22:11:00
2808,1041,955,2,7.02,confirmed,2018-02-22 19:40:00
2809,1041,925,1,3.51,confirmed,2018-02-23 06:40:00
2810,1042,640,2,7.88,confirmed,2018-02-22 23:19:00
2811,1042,933,2,7.88,confirmed,2018-02-20 22:19:00
2812,1042,324,1,3.94,cancelled,2018-02-23 02:19:00
2813,1043,426,3,8.04,cancelled,2018-02-24 05:29:00
2814,1043,122,1,2.68,confirmed,2018-02-23 21:29:00
2816,1044,870,2,5.3,confirmed,2018-02-26 14:25:00
2817,1044,927,1,2.65,cancelled,2018-02-24 07:25:00
2818,1045,489,1,2.51,cancelled,2018-02-26 10:08:00
2819,1045,175,1,2.51,cancelled,2018-02-24 19:08:00
2820,1045,787,1,2.51,cancelled,2018-02-26 23:08:00
2821,1045,21,1,2.51,confirmed,2018-02-26 16:08:00
2822,1046,695,1,3.41,confirmed,2018-02-27 10:02:00
2823,1046,404,2,6.82,confirmed,2018-02-28 01:02:00
2824,1046,940,2,6.82,confirmed,2018-02-25 20:02:00
2825,1047,638,5,14.65,confirmed,2018-02-27 22:25:00
2827,1048,259,2,4.94,confirmed,2018-02-28 13:58:00
2828,1048,197,1,2.47,confirmed,2018-02-27 19:58:00
2829,1049,460,1,4.28,confirmed,2018-02-27 08:09:00
2830,1049,444,1,4.28,confirmed,2018-03-01 14:09:00
2831,1049,346,1,4.28,cancelled,2018-03-01 17:09:00
2832,1050,589,1,4.94,confirmed,2018-02-27 21:58:00
2833,1050,20,1,4.94,confirmed,2018-02-28 23:58:00
2834,1050,310,1,4.94,confirmed,2018-02-27 16:58:00
2835,1051,804,1,2.92,confirmed,2018-02-27 22:26:00
2836,1051,435,1,2.92,confirmed,2018-03-01 10:26:00
2837,1051,417,1,2.92,cancelled,2018-03-02 10:26:00
2838,1051,726,1,2.92,cancelled,2018-03-02 06:26:00
2839,1051,351,1,2.92,cancelled,2018-03-02 07:26:00
2840,1051,136,1,2.92,confirmed,2018-02-28 21:26:00
2841,1051,967,1,2.92,confirmed,2018-03-01 14:26:00
2842,1052,886,1,2.62,confirmed,2018-03-05 09:02:00
2843,1053,893,1,2.16,confirmed,2018-03-03 09:13:00
2844,1053,932,2,4.32,confirmed,2018-03-05 06:13:00
2845,1053,634,1,2.16,confirmed,2018-03-05 02:13:00
2846,1054,942,1,2.51,confirmed,2018-03-05 21:21:00
2847,1054,765,1,2.51,confirmed,2018-03-05 03:21:00
2848,1055,52,1,3.18,confirmed,2018-03-03 14:54:00
2849,1055,736,1,3.18,confirmed,2018-03-05 08:54:00
2850,1056,621,1,2.74,confirmed,2018-03-06 13:24:00
2851,1056,725,1,2.74,confirmed,2018-03-06 20:24:00
2852,1056,191,1,2.74,confirmed,2018-03-05 19:24:00
2853,1056,481,1,2.74,confirmed,2018-03-03 23:24:00
2854,1057,718,3,8.34,confirmed,2018-03-06 09:20:00
2855,1057,127,1,2.78,cancelled,2018-03-06 04:20:00
2856,1058,405,3,8.94,confirmed,2018-03-05 23:11:00
2857,1058,652,3,8.94,confirmed,2018-03-07 00:11:00
2858,1059,257,1,4.96,confirmed,2018-03-10 10:38:00
2859,1059,846,1,4.96,confirmed,2018-03-11 10:38:00
2860,1059,354,1,4.96,confirmed,2018-03-09 22:38:00
2861,1059,755,1,4.96,confirmed,2018-03-09 11:38:00
2862,1060,692,3,11.37,confirmed,2018-03-11 07:52:00
2863,1061,604,2,22.92,confirmed,2018-03-12 06:43:00
2864,1061,791,2,22.92,confirmed,2018-03-10 22:43:00
2865,1062,367,2,12.66,confirmed,2018-03-11 07:38:00
2866,1062,762,2,12.66,confirmed,2018-03-11 21:38:00
2867,1063,603,1,2.34,confirmed,2018-03-11 05:43:00
2868,1063,175,2,4.68,cancelled,2018-03-11 16:43:00
2869,1064,475,1,3.62,confirmed,2018-03-11 15:17:00
2870,1064,891,1,3.62,cancelled,2018-03-12 23:17:00
2871,1064,922,1,3.62,confirmed,2018-03-12 21:17:00
2872,1064,476,1,3.62,confirmed,2018-03-11 09:17:00
2873,1065,929,1,7.84,confirmed,2018-03-14 06:20:00
2874,1065,177,1,7.84,confirmed,2018-03-14 13:20:00
2875,1065,155,1,7.84,confirmed,2018-03-14 06:20:00
2876,1065,609,1,7.84,confirmed,2018-03-13 10:20:00
2877,1065,970,1,7.84,confirmed,2018-03-13 18:20:00
2878,1065,189,1,7.84,confirmed,2018-03-15 12:20:00
2879,1066,994,1,4.47,confirmed,2018-03-14 16:12:00
2880,1066,683,1,4.47,confirmed,2018-03-15 15:12:00
2881,1066,62,1,4.47,confirmed,2018-03-13 18:12:00
2882,1066,362,1,4.47,confirmed,2018-03-16 08:12:00
2883,1067,648,2,7.5,confirmed,2018-03-14 05:04:00
2884,1067,163,1,3.75,confirmed,2018-03-13 16:04:00
2885,1067,347,2,7.5,confirmed,2018-03-14 12:04:00
2886,1068,707,1,11.03,confirmed,2018-03-14 14:20:00
2887,1068,886,1,11.03,confirmed,2018-03-14 20:20:00
2888,1068,132,1,11.03,cancelled,2018-03-14 21:20:00
2889,1068,379,1,11.03,confirmed,2018-03-13 14:20:00
2890,1068,579,1,11.03,confirmed,2018-03-14 19:20:00
2891,1068,995,1,11.03,cancelled,2018-03-14 20:20:00
2892,1068,485,1,11.03,confirmed,2018-03-15 07:20:00
2893,1069,501,2,26.06,cancelled,2018-03-15 01:43:00
2894,1069,577,3,39.09,cancelled,2018-03-14 16:43:00
2895,1070,640,1,4.26,confirmed,2018-03-14 09:14:00
2896,1070,330,3,12.78,cancelled,2018-03-15 10:14:00
2897,1071,461,4,13.64,confirmed,2018-03-16 02:21:00
2898,1072,373,1,3.18,confirmed,2018-03-18 04:43:00
2899,1072,870,3,9.54,confirmed,2018-03-17 11:43:00
2901,1073,576,1,2.33,confirmed,2018-03-16 16:12:00
2902,1073,150,1,2.33,cancelled,2018-03-18 12:12:00
2903,1074,303,1,4.41,confirmed,2018-03-18 19:40:00
2904,1075,255,2,5.14,confirmed,2018-03-20 17:19:00
2905,1075,811,2,5.14,confirmed,2018-03-20 00:19:00
2906,1075,386,2,5.14,confirmed,2018-03-18 13:19:00
2907,1076,378,2,5.8,confirmed,2018-03-20 20:41:00
2908,1077,642,4,12.92,confirmed,2018-03-21 03:11:00
2909,1077,392,3,9.69,confirmed,2018-03-20 15:11:00
2910,1077,569,4,12.92,confirmed,2018-03-21 00:11:00
2912,1078,890,3,9.75,confirmed,2018-03-24 05:23:00
2913,1079,323,3,11.37,confirmed,2018-03-26 19:25:00
2914,1079,853,3,11.37,confirmed,2018-03-25 05:25:00
2915,1080,183,1,3.86,confirmed,2018-03-28 18:40:00
2916,1080,335,1,3.86,cancelled,2018-03-30 04:40:00
2917,1081,509,1,5.33,confirmed,2018-03-30 01:07:00
2918,1081,66,3,15.99,confirmed,2018-03-29 08:07:00
2920,1083,423,3,8.91,confirmed,2018-04-01 17:15:00
2921,1084,559,1,2.52,confirmed,2018-04-01 12:17:00
2922,1084,64,1,2.52,cancelled,2018-04-02 01:17:00
2923,1084,538,1,2.52,confirmed,2018-04-03 01:17:00
2924,1084,427,1,2.52,confirmed,2018-04-01 11:17:00
2925,1085,54,2,10.88,confirmed,2018-04-04 13:05:00
2927,1086,239,3,11.55,confirmed,2018-04-03 09:11:00
2928,1087,20,1,4.49,confirmed,2018-04-03 10:43:00
2929,1087,523,1,4.49,confirmed,2018-04-05 11:43:00
2930,1087,785,1,4.49,confirmed,2018-04-03 01:43:00
2931,1087,297,1,4.49,confirmed,2018-04-05 05:43:00
2932,1088,522,1,10.2,confirmed,2018-04-08 15:34:00
2933,1088,922,1,10.2,cancelled,2018-04-07 22:34:00
2934,1088,850,2,20.4,confirmed,2018-04-06 17:34:00
2935,1089,164,1,3.75,confirmed,2018-04-10 18:54:00
2936,1089,856,1,3.75,confirmed,2018-04-10 23:54:00
2937,1089,207,1,3.75,confirmed,2018-04-09 18:54:00
2938,1089,774,1,3.75,confirmed,2018-04-11 21:54:00
2939,1090,397,1,4.37,confirmed,2018-04-11 14:28:00
2940,1091,779,3,10.68,confirmed,2018-04-12 13:36:00
2941,1091,584,3,10.68,cancelled,2018-04-11 18:36:00
2942,1092,56,1,3.51,confirmed,2018-04-19 06:33:00
2943,1092,665,1,3.51,confirmed,2018-04-18 10:33:00
2944,1092,643,1,3.51,confirmed,2018-04-17 08:33:00
2945,1092,236,1,3.51,confirmed,2018-04-17 07:33:00
2946,1093,944,2,9.1,confirmed,2018-04-17 22:19:00
2947,1093,504,3,13.65,cancelled,2018-04-18 03:19:00
2948,1094,633,1,2.8,cancelled,2018-04-23 06:44:00
2949,1095,879,1,2.6,cancelled,2018-04-23 10:59:00
2950,1096,456,1,3.92,confirmed,2018-04-22 14:21:00
2951,1096,391,1,3.92,confirmed,2018-04-22 07:21:00
2952,1096,748,2,7.84,confirmed,2018-04-22 08:21:00
2953,1097,305,1,2.78,cancelled,2018-04-25 00:22:00
2954,1098,270,1,3.33,confirmed,2018-04-26 12:37:00
2955,1098,468,2,6.66,confirmed,2018-04-26 01:37:00
2956,1099,744,2,6.82,confirmed,2018-04-24 14:15:00
