ride_id,driver_id,vehicle_id,origin_city_id,destination_city_id,departure_time,arrival_time,price_per_seat,suggested_price,status,created_at
1,1,1,1,310,2026-05-11 17:26:00,2026-05-11 17:55:00,5.17,5.17,completed,2026-05-11 18:55:00
2,2,2,2,7,2026-05-11 18:46:00,2026-05-11 19:12:00,4.97,4.97,completed,2026-05-11 20:12:00
3,3,3,1,311,2026-05-13 09:15:00,2026-05-13 10:38:00,13.01,13.01,completed,2026-05-13 11:38:00
4,4,4,3,312,2026-05-16 00:24:00,2026-05-16 00:44:00,25.99,75.37,completed,2026-05-16 01:44:00
5,5,2,4,1,2026-05-16 01:29:00,2026-05-16 02:18:00,13.43,18.80,completed,2026-05-16 03:18:00
6,6,2,5,6,2026-05-18 09:32:00,2026-05-18 10:06:00,4.06,4.06,completed,2026-05-18 11:06:00
7,7,5,6,1,2026-05-18 21:24:00,2026-05-18 22:08:00,9.40,9.40,completed,2026-05-18 23:08:00
8,8,2,7,313,2026-05-19 07:12:00,2026-05-19 08:10:00,8.70,8.70,completed,2026-05-19 09:10:00
9,9,6,8,314,2026-05-19 11:22:00,2026-05-19 11:37:00,3.27,3.27,completed,2026-05-19 12:37:00
10,10,7,6,1,2026-05-19 21:00:00,2026-05-19 21:33:00,7.06,7.06,completed,2026-05-19 22:33:00
11,11,2,9,314,2026-05-20 09:42:00,2026-05-20 10:08:00,4.27,4.27,completed,2026-05-20 11:08:00
12,12,2,10,315,2026-05-31 13:00:00,2026-05-31 13:27:00,7.66,7.66,completed,2026-05-31 14:27:00
13,13,8,11,12,2026-06-01 22:17:00,2026-06-01 22:45:00,7.48,7.48,completed,2026-06-01 23:45:00
14,14,1,12,316,2026-06-03 14:10:00,2026-06-03 15:14:00,4.20,4.20,completed,2026-06-03 16:14:00
15,15,2,13,13,2026-06-03 15:43:00,2026-06-03 16:20:00,1.62,1.62,completed,2026-06-03 17:20:00
16,16,9,14,316,2026-06-04 03:00:00,2026-06-04 03:34:00,2.21,2.21,completed,2026-06-04 04:34:00
17,17,10,12,317,2026-06-05 15:06:00,2026-06-05 15:31:00,1.72,1.72,completed,2026-06-05 16:31:00
18,18,9,14,318,2026-06-06 13:29:00,2026-06-06 13:59:00,2.03,2.03,completed,2026-06-06 14:59:00
19,19,2,15,319,2026-06-07 20:21:00,2026-06-07 20:48:00,7.11,7.11,completed,2026-06-07 21:48:00
20,20,2,16,320,2026-06-12 16:11:00,2026-06-12 16:28:00,3.33,3.33,completed,2026-06-12 17:25:00
21,21,11,17,321,2026-06-12 16:25:00,2026-06-12 17:01:00,5.65,5.65,completed,2026-06-12 18:01:00
22,22,4,18,18,2026-06-14 05:58:00,2026-06-14 06:44:00,3.26,3.26,cancelled,2026-06-14 07:44:00
23,23,12,19,322,2026-06-14 09:24:00,2026-06-14 10:18:00,10.39,10.39,completed,2026-06-14 11:18:00
24,24,13,20,323,2026-06-14 11:59:00,2026-06-14 12:39:00,18.13,18.13,completed,2026-06-14 13:39:00
25,25,10,21,18,2026-06-14 19:01:00,2026-06-14 19:31:00,18.13,18.13,completed,2026-06-14 20:31:00
26,26,14,18,324,2026-06-14 21:04:00,2026-06-14 21:41:00,18.13,18.13,completed,2026-06-14 22:41:00
27,27,15,22,23,2026-06-14 22:00:00,2026-06-14 22:19:00,6.40,6.40,completed,2026-06-14 23:19:00
28,28,16,23,21,2026-06-14 23:17:00,2026-06-14 23:46:00,11.22,11.22,completed,2026-06-14 00:46:00
29,30,9,24,21,2026-06-15 08:42:00,2026-06-15 10:10:00,27.29,40.94,completed,2026-06-15 11:10:00
30,29,17,20,22,2026-06-15 09:01:00,2026-06-15 09:58:00,8.90,8.90,completed,2026-06-15 10:48:00
31,31,18,22,25,2026-06-15 11:10:00,2026-06-15 11:37:00,7.60,7.60,completed,2026-06-15 12:37:00
32,32,15,25,325,2026-06-15 12:37:00,2026-06-15 12:57:00,10.31,15.46,completed,2026-06-15 13:57:00
33,33,10,26,326,2026-06-15 13:05:00,2026-06-15 13:19:00,1.80,1.80,completed,2026-06-15 14:19:00
34,34,18,27,22,2026-06-15 14:03:00,2026-06-15 14:30:00,8.50,8.50,completed,2026-06-15 15:30:00
35,35,2,28,29,2026-06-15 18:59:00,2026-06-15 19:21:00,3.15,4.41,completed,2026-06-15 20:21:00
36,36,4,29,327,2026-06-15 22:32:00,2026-06-15 22:52:00,7.60,7.60,completed,2026-06-15 23:52:00
37,37,19,25,328,2026-06-16 10:35:00,2026-06-16 11:08:00,3.65,3.65,completed,2026-06-16 12:08:00
38,37,20,30,25,2026-06-16 11:10:00,2026-06-16 11:21:00,2.59,2.59,completed,2026-06-16 12:20:00
39,38,15,31,329,2026-06-16 11:54:00,2026-06-16 12:27:00,9.73,9.73,completed,2026-06-16 13:27:00
40,39,18,32,22,2026-06-16 20:52:00,2026-06-16 21:13:00,6.03,6.03,completed,2026-06-16 22:13:00
41,40,21,25,22,2026-06-17 05:37:00,2026-06-17 05:59:00,2.74,2.74,completed,2026-06-17 06:59:00
42,41,1,22,18,2026-06-17 07:21:00,2026-06-17 07:59:00,18.64,18.64,completed,2026-06-17 08:59:00
43,42,22,33,34,2026-06-17 11:39:00,2026-06-17 12:09:00,5.11,5.11,completed,2026-06-17 13:09:00
44,43,23,34,330,2026-06-17 12:20:00,2026-06-17 13:05:00,5.44,5.44,completed,2026-06-17 14:05:00
45,44,24,19,330,2026-06-17 13:32:00,2026-06-17 13:59:00,2.81,2.81,completed,2026-06-17 14:59:00
46,4,15,22,18,2026-06-17 15:38:00,2026-06-17 16:35:00,33.55,33.55,completed,2026-06-17 17:35:00
47,45,15,19,18,2026-06-29 13:42:00,2026-06-29 14:28:00,32.31,32.31,completed,2026-06-29 15:28:00
48,46,11,35,20,2026-07-07 18:48:00,2026-07-07 20:05:00,10.46,10.46,completed,2026-07-07 21:05:00
49,47,1,20,331,2026-07-08 00:31:00,2026-07-08 01:16:00,10.84,10.84,completed,2026-07-08 02:16:00
50,48,25,20,331,2026-07-09 00:38:00,2026-07-09 01:33:00,9.10,9.10,completed,2026-07-09 02:33:00
51,49,2,36,20,2026-09-06 15:21:00,2026-09-06 15:29:00,1.44,1.44,completed,2026-09-06 16:26:00
52,50,2,37,332,2026-09-09 13:25:00,2026-09-09 16:00:00,3.54,3.54,completed,2026-09-09 17:00:00
53,51,26,38,37,2026-09-09 14:49:00,2026-09-09 15:22:00,2.35,2.35,completed,2026-09-09 16:22:00
54,52,22,39,40,2026-09-10 15:47:00,2026-09-10 16:29:00,5.91,5.91,completed,2026-09-10 17:29:00
55,52,27,40,333,2026-09-10 16:50:00,2026-09-10 17:15:00,5.91,5.91,completed,2026-09-10 18:15:00
56,53,2,41,334,2026-09-11 10:17:00,2026-09-11 10:36:00,2.11,2.11,completed,2026-09-11 11:36:00
57,54,10,42,46,2026-09-11 11:31:00,2026-09-11 11:59:00,2.18,2.18,completed,2026-09-11 12:59:00
58,55,28,43,41,2026-09-11 21:15:00,2026-09-11 21:39:00,2.55,2.55,completed,2026-09-11 22:39:00
59,56,29,41,335,2026-09-12 12:26:00,2026-09-12 12:57:00,2.66,2.66,completed,2026-09-12 13:57:00
60,57,7,41,336,2026-09-12 17:32:00,2026-09-12 17:54:00,2.63,2.63,completed,2026-09-12 18:54:00
61,58,30,44,337,2026-09-12 22:03:00,2026-09-12 22:21:00,2.46,2.46,completed,2026-09-12 23:21:00
62,59,31,20,45,2026-09-13 10:03:00,2026-09-13 10:29:00,3.55,3.55,completed,2026-09-13 11:29:00
63,60,2,45,53,2026-09-13 10:42:00,2026-09-13 11:10:00,3.83,3.83,completed,2026-09-13 12:10:00
64,61,32,46,338,2026-09-13 13:29:00,2026-09-13 14:04:00,5.90,5.90,completed,2026-09-13 15:04:00
65,62,33,47,339,2026-09-13 15:06:00,2026-09-13 17:54:00,5.90,5.90,completed,2026-09-13 18:54:00
66,63,34,24,20,2026-09-13 17:07:00,2026-09-13 17:46:00,14.74,14.74,completed,2026-09-13 18:46:00
67,64,35,48,340,2026-09-14 14:15:00,2026-09-14 14:42:00,3.59,3.59,completed,2026-09-14 15:42:00
68,65,2,20,49,2026-09-16 19:43:00,2026-09-16 20:02:00,1.99,1.99,completed,2026-09-16 21:02:00
69,66,29,49,20,2026-09-16 22:33:00,2026-09-16 22:47:00,2.56,2.56,completed,2026-09-16 23:47:00
70,67,36,20,341,2026-09-17 12:39:00,2026-09-17 12:57:00,5.70,5.70,completed,2026-09-17 13:57:00
71,68,21,20,342,2026-09-17 16:19:00,2026-09-17 17:04:00,5.19,5.19,completed,2026-09-17 18:04:00
72,70,38,51,20,2026-09-17 20:22:00,2026-09-17 21:05:00,6.26,6.26,completed,2026-09-17 22:05:00
73,69,37,50,46,2026-09-17 21:33:00,2026-09-17 21:59:00,2.72,2.72,completed,2026-09-17 22:59:00
74,71,12,52,20,2026-09-19 15:07:00,2026-09-19 15:17:00,1.48,1.48,completed,2026-09-19 16:17:00
75,72,39,20,343,2026-09-19 17:20:00,2026-09-19 17:32:00,1.36,1.36,completed,2026-09-19 18:32:00
76,73,4,53,54,2026-09-22 11:06:00,2026-09-22 11:21:00,4.66,4.66,completed,2026-09-22 12:21:00
77,74,11,54,20,2026-09-22 12:56:00,2026-09-22 13:09:00,1.62,1.62,completed,2026-09-22 14:09:00
78,75,40,55,41,2026-09-22 21:39:00,2026-09-22 23:06:00,3.00,3.00,completed,2026-09-23 00:06:00
79,76,2,52,53,2026-09-23 10:19:00,2026-09-23 10:28:00,4.53,4.53,completed,2026-09-23 11:28:00
80,77,41,53,344,2026-09-23 13:20:00,2026-09-23 14:20:00,7.84,7.84,completed,2026-09-23 15:20:00
81,78,5,53,56,2026-09-23 18:25:00,2026-09-23 18:59:00,3.95,3.95,completed,2026-09-23 19:59:00
82,79,11,56,20,2026-09-23 19:10:00,2026-09-23 19:31:00,3.00,3.00,completed,2026-09-23 20:31:00
83,80,2,53,345,2026-09-25 12:42:00,2026-09-25 13:34:00,15.26,15.26,completed,2026-09-25 14:34:00
84,81,2,53,36,2026-09-26 11:51:00,2026-09-26 12:09:00,1.68,1.68,completed,2026-09-26 13:09:00
85,82,42,20,346,2026-09-26 17:53:00,2026-09-26 18:27:00,8.01,8.01,completed,2026-09-26 19:27:00
86,84,2,58,20,2026-09-26 20:52:00,2026-09-26 21:13:00,3.59,3.59,completed,2026-09-26 22:13:00
87,83,40,55,57,2026-09-26 21:19:00,2026-09-26 21:40:00,2.05,2.05,completed,2026-09-26 22:40:00
88,15,21,57,347,2026-09-26 22:12:00,2026-09-26 22:40:00,2.92,2.92,completed,2026-09-26 23:40:00
89,85,43,53,348,2026-09-27 09:07:00,2026-09-27 09:36:00,3.91,3.91,completed,2026-09-27 10:36:00
90,86,44,59,20,2026-09-27 09:58:00,2026-09-27 10:28:00,4.49,4.49,completed,2026-09-27 11:28:00
91,87,2,20,349,2026-09-27 15:42:00,2026-09-27 16:02:00,2.50,2.50,completed,2026-09-27 17:02:00
92,88,45,60,20,2026-09-27 18:39:00,2026-09-27 19:00:00,2.58,2.58,completed,2026-09-27 20:00:00
93,89,46,61,73,2026-09-28 08:46:00,2026-09-28 09:05:00,1.61,1.61,completed,2026-09-28 10:05:00
94,90,5,62,20,2026-09-28 09:27:00,2026-09-28 09:46:00,2.32,2.32,completed,2026-09-28 10:46:00
95,91,29,54,20,2026-09-28 22:40:00,2026-09-28 22:49:00,1.58,1.58,completed,2026-09-28 23:49:00
96,92,47,20,348,2026-09-29 09:35:00,2026-09-29 10:19:00,5.39,5.39,completed,2026-09-29 11:19:00
97,93,10,63,53,2026-09-29 10:33:00,2026-09-29 11:09:00,4.79,4.79,completed,2026-09-29 12:09:00
98,94,2,20,64,2026-09-29 13:08:00,2026-09-29 13:38:00,3.25,3.25,completed,2026-09-29 14:38:00
99,95,20,64,350,2026-09-29 15:11:00,2026-09-29 15:46:00,3.65,3.65,completed,2026-09-29 16:46:00
100,95,2,20,351,2026-09-29 16:24:00,2026-09-29 16:40:00,1.72,1.72,completed,2026-09-29 17:40:00
101,96,5,20,352,2026-09-30 16:24:00,2026-09-30 16:56:00,4.41,4.41,completed,2026-09-30 17:56:00
102,1,9,56,53,2026-09-30 19:36:00,2026-09-30 19:55:00,3.01,3.01,completed,2026-09-30 20:55:00
103,97,5,53,353,2026-10-01 13:58:00,2026-10-01 14:39:00,6.10,6.10,completed,2026-10-01 15:39:00
104,98,35,65,354,2026-10-01 16:44:00,2026-10-01 16:56:00,1.23,1.23,completed,2026-10-01 17:56:00
105,99,1,66,355,2026-10-01 18:10:00,2026-10-01 18:48:00,7.37,9.58,completed,2026-10-01 19:48:00
106,100,5,67,356,2026-10-02 11:16:00,2026-10-02 11:46:00,5.48,5.48,completed,2026-10-02 12:46:00
107,100,2,20,18,2026-10-05 13:59:00,2026-10-05 14:56:00,15.43,15.43,completed,2026-10-05 15:56:00
108,101,48,68,20,2026-10-20 05:53:00,2026-10-20 06:40:00,16.00,16.00,completed,2026-10-20 07:40:00
109,43,23,53,18,2026-10-20 08:56:00,2026-10-20 10:39:00,16.00,16.00,completed,2026-10-20 11:39:00
110,102,9,69,53,2026-10-25 20:24:00,2026-10-25 21:10:00,16.18,16.18,completed,2026-10-25 22:10:00
111,103,1,70,357,2026-10-26 11:53:00,2026-10-26 12:06:00,4.74,4.74,completed,2026-10-26 13:06:00
112,104,29,71,53,2026-10-28 14:10:00,2026-10-28 14:41:00,5.04,5.04,completed,2026-10-28 15:41:00
113,105,40,53,62,2026-10-30 09:21:00,2026-10-30 09:38:00,2.17,2.17,completed,2026-10-30 10:38:00
114,106,1,72,53,2026-10-30 14:32:00,2026-10-30 14:58:00,3.36,3.36,completed,2026-10-30 15:58:00
115,107,5,73,53,2026-11-06 14:05:00,2026-11-06 14:23:00,2.50,2.50,completed,2026-11-06 15:23:00
116,108,49,74,20,2026-11-09 17:54:00,2026-11-09 18:19:00,2.26,2.26,completed,2026-11-09 19:19:00
117,109,29,75,53,2026-11-13 18:32:00,2026-11-13 19:17:00,5.61,5.61,completed,2026-11-13 20:17:00
118,110,2,76,53,2026-11-26 16:21:00,2026-11-26 17:42:00,10.17,10.17,completed,2026-11-26 18:42:00
119,111,25,77,53,2026-11-28 21:52:00,2026-11-28 22:36:00,5.20,5.20,completed,2026-11-28 23:36:00
120,112,2,72,53,2026-12-01 16:53:00,2026-12-01 17:34:00,5.01,5.01,completed,2026-12-01 18:34:00
121,113,2,78,53,2026-12-02 17:36:00,2026-12-02 17:56:00,2.11,2.11,completed,2026-12-02 18:56:00
122,114,50,53,53,2026-12-26 12:52:00,2026-12-26 13:05:00,21.23,21.23,completed,2026-12-26 14:05:00
123,115,45,79,79,2026-12-26 15:00:00,2026-12-26 15:22:00,1.40,1.40,cancelled,2026-12-26 16:00:00
124,116,5,47,358,2026-12-29 05:13:00,2026-12-29 05:45:00,5.54,5.54,completed,2026-12-29 06:13:00
125,117,2,46,358,2026-12-29 23:28:00,2026-12-29 23:54:00,2.67,2.67,completed,2026-12-30 00:28:00
126,118,1,80,359,2026-12-30 22:46:00,2026-12-30 23:13:00,1.99,1.99,completed,2026-12-31 00:13:00
129,119,47,81,360,2027-01-02 08:23:00,2027-01-02 08:43:00,2.19,2.19,completed,2027-01-02 09:43:00
131,120,5,18,53,2027-01-04 07:33:00,2027-01-04 08:20:00,13.72,13.72,completed,2027-01-04 09:20:00
152,121,45,82,53,2027-01-16 19:31:00,2027-01-16 20:03:00,2.88,2.88,completed,2027-01-16 20:31:00
153,122,1,83,361,2027-01-18 12:55:00,2027-01-18 13:14:00,1.49,1.49,completed,2027-01-18 13:55:00
154,123,5,48,53,2027-01-18 19:26:00,2027-01-18 19:38:00,1.39,1.39,completed,2027-01-18 20:26:00
155,124,6,53,362,2027-01-27 12:11:00,2027-01-27 13:01:00,4.58,4.58,completed,2027-01-27 14:01:00
196,125,1,84,53,2027-02-22 16:07:00,2027-02-22 16:44:00,4.70,4.70,completed,2027-02-22 17:44:00
197,126,5,85,363,2027-02-25 16:13:00,2027-02-25 16:23:00,1.25,1.25,completed,2027-02-25 17:23:00
198,127,11,53,357,2027-02-28 21:23:00,2027-02-28 21:56:00,4.59,4.59,completed,2027-02-28 22:56:00
220,128,40,86,364,2027-03-05 15:14:00,2027-03-05 15:35:00,4.93,4.93,completed,2027-03-05 16:35:00
242,129,5,87,365,2027-03-14 17:16:00,2027-03-14 17:30:00,2.16,2.16,completed,2027-03-14 18:30:00
243,130,5,88,364,2027-03-17 11:38:00,2027-03-17 11:57:00,3.00,3.00,completed,2027-03-17 12:57:00
244,131,10,89,366,2027-03-21 08:36:00,2027-03-21 08:50:00,1.86,1.86,completed,2027-03-21 09:50:00
245,132,51,53,90,2027-03-25 18:23:00,2027-03-25 18:52:00,3.34,3.34,completed,2027-03-25 19:52:00
246,133,52,90,350,2027-03-25 19:13:00,2027-03-25 19:37:00,2.83,2.83,completed,2027-03-25 20:37:00
258,134,45,91,367,2027-04-03 13:51:00,2027-04-03 14:05:00,2.00,2.00,cancelled,2027-04-03 15:06:00
259,135,2,92,368,2027-04-03 14:05:00,2027-04-03 14:13:00,1.93,1.93,completed,2027-04-03 15:15:00
260,115,4,93,369,2027-04-05 10:48:00,2027-04-05 11:39:00,26.33,26.33,completed,2027-04-05 12:34:00
263,132,51,53,370,2027-04-07 13:03:00,2027-04-07 13:29:00,3.07,3.07,completed,2027-04-07 14:29:00
271,136,5,94,122,2027-04-09 16:27:00,2027-04-09 17:03:00,5.50,5.50,completed,2027-04-09 17:27:00
272,137,1,93,18,2027-04-10 07:00:00,2027-04-10 07:38:00,14.85,14.85,completed,2027-04-10 08:38:00
273,138,9,53,155,2027-04-11 08:24:00,2027-04-11 08:44:00,2.45,2.45,completed,2027-04-11 09:24:00
279,139,5,82,53,2027-04-17 17:21:00,2027-04-17 17:38:00,3.26,3.26,completed,2027-04-17 18:38:00
280,140,40,95,53,2027-04-19 17:07:00,2027-04-19 17:31:00,3.70,3.70,completed,2027-04-19 18:31:00
281,141,5,96,97,2027-04-30 18:51:00,2027-04-30 19:08:00,3.18,3.18,completed,2027-04-30 20:08:00
282,142,9,97,48,2027-04-30 19:18:00,2027-04-30 19:37:00,3.17,3.17,completed,2027-04-30 20:37:00
288,143,11,53,118,2027-05-02 11:08:00,2027-05-02 11:35:00,4.18,4.18,completed,2027-05-02 12:35:00
291,144,19,98,53,2027-05-03 15:32:00,2027-05-03 15:45:00,1.69,1.69,completed,2027-05-03 16:45:00
293,145,33,99,53,2027-05-04 12:09:00,2027-05-04 12:32:00,3.48,3.48,completed,2027-05-04 13:32:00
298,115,1,53,53,2027-05-05 09:55:00,2027-05-05 10:01:00,1.51,1.51,cancelled,2027-05-05 10:55:00
299,146,12,53,118,2027-05-05 10:02:00,2027-05-05 10:36:00,4.10,4.10,completed,2027-05-05 11:02:00
304,147,49,100,124,2027-05-06 13:52:00,2027-05-06 14:18:00,2.85,2.85,completed,2027-05-06 14:52:00
305,148,2,101,124,2027-05-06 14:05:00,2027-05-06 14:41:00,4.82,4.82,completed,2027-05-06 15:41:00
306,149,49,102,118,2027-05-06 15:56:00,2027-05-06 16:24:00,4.87,4.87,completed,2027-05-06 16:56:00
309,150,53,103,107,2027-05-07 11:00:00,2027-05-07 11:20:00,3.13,3.13,completed,2027-05-07 12:20:00
310,80,45,104,53,2027-05-07 18:38:00,2027-05-07 18:56:00,2.06,2.06,completed,2027-05-07 19:56:00
318,151,2,105,118,2027-05-11 18:43:00,2027-05-11 19:08:00,3.74,3.74,completed,2027-05-11 20:08:00
320,145,33,106,371,2027-05-12 13:15:00,2027-05-12 13:34:00,3.25,3.25,completed,2027-05-12 14:34:00
321,81,10,107,118,2027-05-13 15:01:00,2027-05-13 15:45:00,5.78,5.78,completed,2027-05-13 16:45:00
322,152,31,108,109,2027-05-13 18:50:00,2027-05-13 19:09:00,3.28,3.28,completed,2027-05-13 20:09:00
323,115,35,109,53,2027-05-13 20:11:00,2027-05-13 20:39:00,4.09,4.09,completed,2027-05-13 21:39:00
324,153,2,110,111,2027-05-14 11:44:00,2027-05-14 12:15:00,4.94,4.94,completed,2027-05-14 13:15:00
325,154,2,111,138,2027-05-14 12:19:00,2027-05-14 13:03:00,6.50,6.50,completed,2027-05-14 14:03:00
326,155,11,76,372,2027-05-14 15:42:00,2027-05-14 15:54:00,1.98,1.98,completed,2027-05-14 16:42:00
327,156,20,104,373,2027-05-15 20:22:00,2027-05-15 20:40:00,2.52,2.52,completed,2027-05-15 21:40:00
328,157,19,53,155,2027-05-17 09:56:00,2027-05-17 10:12:00,2.16,2.16,completed,2027-05-17 10:56:00
329,158,2,101,118,2027-05-17 15:53:00,2027-05-17 16:18:00,3.72,3.72,completed,2027-05-17 17:18:00
330,159,1,112,374,2027-05-19 14:35:00,2027-05-19 15:03:00,3.85,3.85,completed,2027-05-19 15:35:00
331,160,24,113,375,2027-05-20 16:52:00,2027-05-20 17:39:00,4.97,4.97,completed,2027-05-20 18:39:00
332,151,2,114,118,2027-05-27 12:50:00,2027-05-27 13:24:00,5.74,5.74,completed,2027-05-27 14:24:00
333,161,54,115,107,2027-05-27 16:46:00,2027-05-27 17:28:00,5.86,5.86,completed,2027-05-27 18:28:00
334,162,5,116,118,2027-05-29 10:10:00,2027-05-29 10:17:00,1.23,1.23,completed,2027-05-29 11:17:00
335,163,55,117,376,2027-05-31 17:07:00,2027-05-31 17:34:00,2.48,2.48,cancelled,2027-05-31 18:34:00
357,164,2,118,113,2027-06-07 18:48:00,2027-06-07 19:06:00,1.76,1.76,completed,2027-06-07 20:06:00
358,165,56,118,53,2027-06-07 21:05:00,2027-06-07 21:29:00,3.63,3.63,completed,2027-06-07 22:29:00
370,166,57,108,53,2027-06-10 16:18:00,2027-06-10 16:46:00,4.15,4.15,completed,2027-06-10 17:46:00
373,167,12,114,107,2027-06-11 15:28:00,2027-06-11 15:41:00,2.17,2.17,completed,2027-06-11 16:41:00
382,115,3,118,53,2027-06-12 23:35:00,2027-06-12 23:57:00,3.20,3.20,completed,2027-06-13 00:57:00
383,168,58,118,53,2027-06-13 23:22:00,2027-06-13 23:42:00,3.45,3.45,completed,2027-06-14 00:42:00
384,169,10,53,118,2027-06-15 14:50:00,2027-06-15 15:12:00,3.86,3.86,completed,2027-06-15 16:12:00
385,170,9,53,118,2027-06-16 19:52:00,2027-06-16 20:27:00,5.01,5.01,completed,2027-06-16 20:52:00
386,144,19,53,118,2027-06-17 19:50:00,2027-06-17 20:30:00,6.17,6.17,completed,2027-06-17 21:30:00
387,171,59,53,118,2027-06-18 14:27:00,2027-06-18 14:52:00,4.09,4.09,completed,2027-06-18 15:52:00
388,165,56,118,377,2027-06-19 13:07:00,2027-06-19 13:18:00,1.33,1.33,completed,2027-06-19 14:18:00
389,172,31,96,118,2027-06-20 20:21:00,2027-06-20 20:46:00,3.78,3.78,completed,2027-06-20 21:46:00
390,173,9,119,113,2027-06-24 14:10:00,2027-06-24 14:25:00,2.09,2.09,completed,2027-06-24 15:25:00
391,173,9,113,118,2027-06-24 14:45:00,2027-06-24 15:01:00,2.86,2.86,completed,2027-06-24 16:01:00
392,174,39,120,118,2027-06-25 16:53:00,2027-06-25 17:03:00,1.78,1.78,completed,2027-06-25 18:03:00
427,175,9,121,118,2027-07-09 20:32:00,2027-07-09 20:57:00,3.35,3.35,completed,2027-07-09 21:57:00
435,176,60,118,378,2027-07-13 05:16:00,2027-07-13 05:35:00,2.30,2.30,completed,2027-07-13 06:16:00
436,177,7,122,118,2027-07-22 14:36:00,2027-07-22 15:03:00,4.66,4.66,completed,2027-07-22 16:03:00
437,178,11,123,122,2027-07-23 16:12:00,2027-07-23 16:29:00,2.08,2.08,completed,2027-07-23 17:29:00
438,179,12,124,118,2027-07-23 17:33:00,2027-07-23 17:58:00,4.41,4.41,completed,2027-07-23 18:58:00
439,180,24,125,18,2027-07-29 13:57:00,2027-07-29 14:35:00,2.63,2.63,completed,2027-07-29 15:35:00
440,181,9,126,379,2027-07-29 15:44:00,2027-07-29 16:20:00,2.26,2.26,completed,2027-07-29 17:20:00
441,182,61,127,380,2027-07-29 18:23:00,2027-07-29 19:20:00,5.28,5.28,completed,2027-07-29 20:20:00
445,183,35,128,381,2027-08-01 13:37:00,2027-08-01 13:59:00,2.54,2.54,completed,2027-08-01 14:59:00
447,184,45,129,382,2027-08-01 15:39:00,2027-08-01 16:01:00,2.21,2.21,completed,2027-08-01 17:01:00
454,185,9,130,383,2027-08-02 16:37:00,2027-08-02 16:46:00,1.71,1.71,completed,2027-08-02 17:37:00
460,186,2,118,158,2027-08-04 12:29:00,2027-08-04 12:54:00,2.83,2.83,completed,2027-08-04 13:54:00
476,187,5,131,118,2027-08-09 14:50:00,2027-08-09 15:39:00,9.38,9.38,completed,2027-08-09 16:39:00
490,188,27,132,384,2027-08-27 18:11:00,2027-08-27 18:37:00,2.78,2.78,completed,2027-08-27 19:11:00
497,41,5,118,133,2027-09-06 16:02:00,2027-09-06 16:22:00,2.47,2.47,completed,2027-09-06 17:22:00
499,189,13,133,118,2027-09-06 18:21:00,2027-09-06 18:58:00,4.41,4.41,completed,2027-09-06 19:58:00
500,190,5,118,155,2027-09-07 08:12:00,2027-09-07 09:08:00,6.71,6.71,completed,2027-09-07 09:12:00
501,191,21,134,385,2027-09-09 14:59:00,2027-09-09 15:12:00,1.68,1.68,completed,2027-09-09 16:12:00
508,192,21,118,386,2027-09-12 14:07:00,2027-09-12 14:45:00,5.16,5.16,completed,2027-09-12 15:45:00
509,193,5,135,387,2027-09-12 15:44:00,2027-09-12 16:01:00,2.16,2.16,completed,2027-09-12 16:44:00
510,194,4,136,136,2027-09-17 14:31:00,2027-09-17 14:49:00,3.06,3.06,completed,2027-09-17 15:49:00
511,195,12,137,138,2027-09-22 16:39:00,2027-09-22 16:47:00,1.37,1.37,completed,2027-09-22 17:39:00
512,172,31,138,388,2027-09-22 18:22:00,2027-09-22 18:35:00,1.52,1.52,completed,2027-09-22 19:22:00
513,196,9,139,162,2027-09-23 11:26:00,2027-09-23 11:41:00,2.23,2.23,completed,2027-09-23 12:26:00
514,197,61,140,141,2027-09-23 13:22:00,2027-09-23 13:27:00,1.33,1.73,cancelled,2027-09-23 14:22:00
515,197,61,141,118,2027-09-23 13:32:00,2027-09-23 13:46:00,3.50,3.50,completed,2027-09-23 14:32:00
516,198,29,118,389,2027-09-24 11:06:00,2027-09-24 11:41:00,4.68,4.68,completed,2027-09-24 12:06:00
517,199,2,142,118,2027-09-24 14:01:00,2027-09-24 14:37:00,5.44,5.44,completed,2027-09-24 15:01:00
518,200,62,143,88,2027-09-24 16:25:00,2027-09-24 16:56:00,4.78,4.78,completed,2027-09-24 17:56:00
519,201,2,88,127,2027-09-24 18:22:00,2027-09-24 18:46:00,4.78,4.78,completed,2027-09-24 19:46:00
520,202,2,127,144,2027-09-25 11:13:00,2027-09-25 11:59:00,7.52,7.52,completed,2027-09-25 12:59:00
522,204,5,118,390,2027-09-27 07:58:00,2027-09-27 08:25:00,3.86,3.86,completed,2027-09-27 08:58:00
523,205,27,145,127,2027-09-27 11:47:00,2027-09-27 12:14:00,6.24,6.24,completed,2027-09-27 13:14:00
524,206,9,127,391,2027-09-27 16:08:00,2027-09-27 16:32:00,5.07,5.07,completed,2027-09-27 17:32:00
525,207,61,146,127,2027-09-27 17:01:00,2027-09-27 17:55:00,5.85,5.85,completed,2027-09-27 18:55:00
526,208,22,127,392,2027-09-28 12:16:00,2027-09-28 12:35:00,3.01,3.01,completed,2027-09-28 13:35:00
527,209,42,147,127,2027-09-28 14:33:00,2027-09-28 14:56:00,6.64,6.64,completed,2027-09-28 15:56:00
528,210,5,127,393,2027-09-30 10:15:00,2027-09-30 10:52:00,5.34,5.34,completed,2027-09-30 11:52:00
529,211,10,148,118,2027-09-30 11:35:00,2027-09-30 12:06:00,4.91,4.91,completed,2027-09-30 13:06:00
530,212,2,127,394,2027-09-30 12:33:00,2027-09-30 13:01:00,5.34,5.34,completed,2027-09-30 14:01:00
531,213,40,149,395,2027-09-30 14:29:00,2027-09-30 14:43:00,2.37,2.37,completed,2027-09-30 15:43:00
532,214,3,150,396,2027-09-30 17:21:00,2027-09-30 17:39:00,3.44,3.44,completed,2027-09-30 18:21:00
550,215,2,118,133,2027-10-08 11:32:00,2027-10-08 11:48:00,2.30,2.30,completed,2027-10-08 12:48:00
551,216,32,133,118,2027-10-08 13:41:00,2027-10-08 14:03:00,3.12,3.12,completed,2027-10-08 15:03:00
555,217,2,127,397,2027-10-10 12:04:00,2027-10-10 12:29:00,4.58,4.58,completed,2027-10-10 13:29:00
556,218,20,151,127,2027-10-10 13:23:00,2027-10-10 13:44:00,2.06,2.06,completed,2027-10-10 14:44:00
561,219,40,118,155,2027-10-14 09:14:00,2027-10-14 09:42:00,4.17,4.17,completed,2027-10-14 10:14:00
562,220,12,72,118,2027-10-15 19:31:00,2027-10-15 19:59:00,4.48,4.48,completed,2027-10-15 20:59:00
563,221,5,152,398,2027-10-18 12:29:00,2027-10-18 12:44:00,2.84,2.84,completed,2027-10-18 13:44:00
564,221,5,153,152,2027-10-18 13:04:00,2027-10-18 13:26:00,2.76,2.76,completed,2027-10-18 14:26:00
565,222,40,154,155,2027-10-19 11:56:00,2027-10-19 12:19:00,3.70,3.70,completed,2027-10-19 12:56:00
566,223,1,118,399,2027-10-23 19:33:00,2027-10-23 19:46:00,1.96,1.96,completed,2027-10-23 20:46:00
567,224,46,122,118,2027-10-24 19:33:00,2027-10-24 20:03:00,4.45,4.45,completed,2027-10-24 21:03:00
568,225,5,118,155,2027-10-26 11:53:00,2027-10-26 12:17:00,3.84,3.84,completed,2027-10-26 12:53:00
569,226,8,155,118,2027-10-26 14:10:00,2027-10-26 14:52:00,6.38,6.38,completed,2027-10-26 15:10:00
570,227,2,156,118,2027-10-27 18:42:00,2027-10-27 19:33:00,6.99,6.99,completed,2027-10-27 20:33:00
571,228,28,118,400,2027-10-28 12:08:00,2027-10-28 12:37:00,3.86,3.86,completed,2027-10-28 13:37:00
572,229,8,118,155,2027-11-01 08:22:00,2027-11-01 08:55:00,4.96,4.96,completed,2027-11-01 09:22:00
575,230,1,157,127,2027-11-01 17:11:00,2027-11-01 18:46:00,9.00,9.00,completed,2027-11-01 19:46:00
585,231,45,158,118,2027-11-02 22:27:00,2027-11-02 22:46:00,2.64,2.64,completed,2027-11-02 23:27:00
590,232,9,127,391,2027-11-03 15:38:00,2027-11-03 16:17:00,5.28,5.28,completed,2027-11-03 17:17:00
607,233,38,159,155,2027-11-08 08:20:00,2027-11-08 09:08:00,5.90,5.90,completed,2027-11-08 10:08:00
613,234,41,160,118,2027-11-09 14:18:00,2027-11-09 14:44:00,3.64,3.64,completed,2027-11-09 15:44:00
641,235,64,101,118,2027-11-12 17:17:00,2027-11-12 18:05:00,5.67,5.67,completed,2027-11-12 19:05:00
642,138,9,118,155,2027-11-18 07:45:00,2027-11-18 08:17:00,4.10,4.10,completed,2027-11-18 08:45:00
643,236,3,161,401,2027-11-22 12:23:00,2027-11-22 12:36:00,2.44,2.44,completed,2027-11-22 13:23:00
644,237,65,101,118,2027-11-22 15:44:00,2027-11-22 16:04:00,3.73,3.73,completed,2027-11-22 16:44:00
645,238,66,118,402,2027-11-25 01:55:00,2027-11-25 02:55:00,10.19,10.19,cancelled,2027-11-25 03:55:00
646,239,10,162,118,2027-11-25 03:34:00,2027-11-25 03:47:00,2.29,2.29,completed,2027-11-25 04:47:00
647,240,9,118,161,2027-11-25 10:01:00,2027-11-25 10:10:00,1.65,1.65,completed,2027-11-25 11:10:00
648,241,7,163,161,2027-11-25 11:13:00,2027-11-25 11:29:00,2.28,2.28,completed,2027-11-25 12:29:00
649,242,1,118,162,2027-11-25 15:29:00,2027-11-25 16:02:00,3.78,3.78,completed,2027-11-25 17:02:00
650,243,56,164,118,2027-11-25 17:54:00,2027-11-25 18:53:00,7.27,7.27,completed,2027-11-25 19:53:00
651,244,16,118,162,2027-11-26 16:56:00,2027-11-26 17:21:00,6.32,6.32,completed,2027-11-26 18:21:00
652,245,41,162,118,2027-11-26 18:49:00,2027-11-26 19:04:00,2.70,2.70,completed,2027-11-26 19:49:00
653,246,40,165,162,2027-11-27 12:22:00,2027-11-27 12:36:00,2.07,2.07,completed,2027-11-27 13:36:00
654,247,61,118,162,2027-11-27 15:31:00,2027-11-27 15:53:00,2.71,2.71,completed,2027-11-27 16:53:00
655,248,67,162,118,2027-11-27 17:45:00,2027-11-27 18:08:00,2.94,2.94,completed,2027-11-27 18:45:00
656,249,6,164,118,2027-11-27 19:51:00,2027-11-27 20:26:00,4.71,4.71,completed,2027-11-27 21:26:00
657,250,20,166,403,2027-11-28 09:35:00,2027-11-28 09:46:00,1.98,1.98,completed,2027-11-28 10:46:00
658,251,47,167,118,2027-11-28 11:01:00,2027-11-28 11:31:00,4.08,4.08,completed,2027-11-28 12:31:00
659,252,1,118,162,2027-11-28 12:37:00,2027-11-28 12:56:00,2.33,2.33,completed,2027-11-28 13:56:00
660,253,4,163,404,2027-11-28 12:56:00,2027-11-28 14:06:00,22.65,22.65,completed,2027-11-28 15:06:00
661,254,40,118,161,2027-11-29 16:16:00,2027-11-29 16:30:00,1.75,1.75,completed,2027-11-29 17:16:00
662,255,26,161,118,2027-11-29 18:16:00,2027-11-29 18:43:00,2.83,2.83,completed,2027-11-29 19:43:00
675,256,43,118,399,2027-12-04 19:15:00,2027-12-04 19:27:00,1.87,1.87,completed,2027-12-04 20:27:00
698,257,14,118,155,2027-12-12 12:00:00,2027-12-12 12:23:00,3.85,3.85,completed,2027-12-12 13:23:00
699,258,61,155,118,2027-12-12 13:18:00,2027-12-12 13:50:00,5.68,5.68,completed,2027-12-12 14:18:00
705,259,61,118,168,2027-12-13 08:48:00,2027-12-13 09:09:00,2.41,2.41,completed,2027-12-13 10:09:00
706,115,10,168,168,2027-12-13 10:32:00,2027-12-13 10:42:00,1.63,1.63,cancelled,2027-12-13 11:42:00
707,260,2,168,118,2027-12-13 10:42:00,2027-12-13 10:56:00,1.86,1.86,completed,2027-12-13 11:56:00
708,261,41,104,118,2027-12-14 17:32:00,2027-12-14 18:10:00,5.73,5.73,completed,2027-12-14 19:10:00
709,262,18,118,204,2027-12-17 09:44:00,2027-12-17 10:16:00,8.74,8.74,completed,2027-12-17 11:16:00
710,263,17,169,118,2027-12-17 11:03:00,2027-12-17 11:33:00,4.75,4.75,completed,2027-12-17 12:33:00
711,264,2,94,405,2027-12-17 14:32:00,2027-12-17 15:22:00,5.87,5.87,completed,2027-12-17 16:22:00
712,265,5,164,118,2027-12-19 17:32:00,2027-12-19 18:04:00,5.28,5.28,completed,2027-12-19 19:04:00
713,266,14,118,406,2027-12-23 07:53:00,2027-12-23 09:05:00,9.38,9.38,completed,2027-12-23 10:05:00
714,267,19,170,118,2027-12-23 10:21:00,2027-12-23 10:59:00,5.81,5.81,completed,2027-12-23 11:59:00
715,268,2,118,407,2027-12-23 12:56:00,2027-12-23 13:15:00,3.69,3.69,completed,2027-12-23 14:15:00
716,269,17,139,408,2027-12-24 13:13:00,2027-12-24 13:45:00,4.15,4.15,completed,2027-12-24 14:45:00
717,270,47,118,409,2027-12-28 15:06:00,2027-12-28 15:24:00,2.76,3.86,completed,2027-12-28 16:24:00
718,271,10,171,118,2027-12-28 15:57:00,2027-12-28 16:18:00,2.83,2.83,completed,2027-12-28 17:18:00
719,272,38,121,118,2027-12-28 19:18:00,2027-12-28 19:56:00,4.78,4.78,completed,2027-12-28 20:56:00
720,273,1,154,155,2027-12-29 13:25:00,2027-12-29 13:49:00,4.04,4.04,completed,2027-12-29 14:49:00
721,274,2,118,168,2027-12-29 17:59:00,2027-12-29 18:22:00,3.38,4.73,completed,2027-12-29 19:22:00
722,275,45,172,118,2027-12-29 19:33:00,2027-12-29 19:52:00,2.14,2.14,completed,2027-12-29 20:52:00
723,276,4,118,18,2028-01-06 14:28:00,2028-01-06 15:10:00,29.70,29.70,completed,2028-01-06 15:28:00
724,276,3,118,18,2028-01-07 14:28:00,2028-01-07 15:10:00,11.74,11.74,completed,2028-01-07 15:28:00
725,277,8,118,410,2028-01-11 15:02:00,2028-01-11 15:23:00,2.80,2.80,completed,2028-01-11 16:23:00
726,278,1,173,118,2028-01-11 16:46:00,2028-01-11 17:03:00,2.89,2.89,completed,2028-01-11 17:46:00
727,279,30,118,168,2028-01-12 09:11:00,2028-01-12 09:29:00,3.05,3.05,completed,2028-01-12 10:29:00
728,164,2,174,118,2028-01-12 10:20:00,2028-01-12 10:34:00,1.84,1.84,completed,2028-01-12 11:34:00
729,280,68,118,411,2028-01-12 12:45:00,2028-01-12 13:03:00,2.73,2.73,completed,2028-01-12 13:45:00
730,281,5,173,118,2028-01-12 13:34:00,2028-01-12 13:52:00,3.24,3.24,completed,2028-01-12 14:34:00
731,282,37,121,118,2028-01-12 16:46:00,2028-01-12 17:13:00,3.82,3.82,completed,2028-01-12 18:13:00
732,283,2,118,155,2028-01-13 14:21:00,2028-01-13 14:47:00,4.27,4.27,completed,2028-01-13 15:47:00
733,284,5,175,118,2028-01-13 16:14:00,2028-01-13 16:42:00,5.30,5.30,completed,2028-01-13 17:14:00
734,285,2,176,118,2028-01-16 16:57:00,2028-01-16 17:38:00,6.50,6.50,completed,2028-01-16 17:57:00
735,286,35,18,118,2028-01-19 15:42:00,2028-01-19 16:19:00,11.73,11.73,completed,2028-01-19 17:19:00
736,287,9,118,412,2028-01-25 10:51:00,2028-01-25 11:33:00,6.30,6.30,completed,2028-01-25 12:33:00
737,288,1,177,154,2028-01-25 16:38:00,2028-01-25 17:29:00,7.65,7.65,completed,2028-01-25 18:29:00
738,289,29,118,18,2028-01-26 20:44:00,2028-01-26 21:22:00,11.61,11.61,completed,2028-01-26 22:22:00
739,290,2,118,413,2028-02-03 11:05:00,2028-02-03 11:43:00,6.06,6.06,completed,2028-02-03 12:05:00
740,291,5,178,118,2028-02-03 12:57:00,2028-02-03 13:34:00,6.48,6.48,completed,2028-02-03 13:57:00
741,292,10,179,118,2028-02-08 18:27:00,2028-02-08 19:03:00,6.16,6.16,completed,2028-02-08 20:03:00
742,293,12,118,414,2028-02-09 15:34:00,2028-02-09 16:00:00,3.52,3.52,completed,2028-02-09 17:00:00
743,294,62,180,118,2028-02-09 16:50:00,2028-02-09 17:11:00,3.97,3.97,completed,2028-02-09 18:11:00
744,295,64,18,118,2028-02-14 07:37:00,2028-02-14 08:19:00,12.26,12.26,completed,2028-02-14 09:19:00
745,271,10,118,181,2028-03-06 16:12:00,2028-03-06 16:45:00,3.48,3.48,completed,2028-03-06 17:45:00
746,296,69,181,118,2028-03-06 17:43:00,2028-03-06 18:09:00,4.44,4.44,completed,2028-03-06 19:09:00
747,297,1,118,181,2028-03-19 15:45:00,2028-03-19 16:11:00,4.26,4.26,completed,2028-03-19 17:11:00
748,298,70,181,118,2028-03-19 17:18:00,2028-03-19 17:38:00,3.58,3.58,completed,2028-03-19 18:38:00
749,299,71,118,415,2028-03-19 17:49:00,2028-03-19 18:27:00,7.58,7.58,completed,2028-03-19 19:27:00
750,299,71,182,118,2028-03-19 18:38:00,2028-03-19 19:11:00,6.83,6.83,completed,2028-03-19 20:11:00
751,300,10,183,416,2028-03-23 09:39:00,2028-03-23 10:07:00,5.32,5.32,completed,2028-03-23 11:06:00
752,301,72,127,184,2028-04-02 15:51:00,2028-04-02 16:13:00,4.16,4.16,completed,2028-04-02 17:13:00
753,302,5,184,127,2028-04-02 17:18:00,2028-04-02 17:38:00,4.02,4.02,completed,2028-04-02 18:38:00
754,303,73,185,127,2028-04-07 15:23:00,2028-04-07 15:41:00,2.03,2.03,completed,2028-04-07 16:41:00
755,304,11,127,417,2028-04-09 20:57:00,2028-04-09 21:29:00,6.24,6.24,completed,2028-04-09 22:29:00
756,305,72,118,133,2028-04-26 10:09:00,2028-04-26 10:31:00,2.49,2.49,completed,2028-04-26 11:31:00
757,306,5,186,118,2028-04-26 14:08:00,2028-04-26 14:36:00,2.85,2.85,completed,2028-04-26 15:36:00
758,307,45,132,118,2028-05-11 16:45:00,2028-05-11 17:10:00,2.82,2.82,completed,2028-05-11 18:10:00
759,199,5,187,118,2028-05-14 13:32:00,2028-05-14 13:59:00,3.22,3.22,completed,2028-05-14 14:59:00
760,308,54,118,18,2028-05-24 05:25:00,2028-05-24 06:03:00,9.93,9.93,completed,2028-05-24 07:03:00
761,309,5,18,118,2028-05-24 07:13:00,2028-05-24 08:39:00,9.93,9.93,completed,2028-05-24 09:39:00
762,310,21,118,181,2028-05-26 11:36:00,2028-05-26 12:02:00,4.60,4.60,completed,2028-05-26 13:02:00
763,311,10,181,118,2028-05-26 12:59:00,2028-05-26 13:19:00,3.08,3.08,completed,2028-05-26 14:19:00
764,312,6,118,188,2028-05-30 15:45:00,2028-05-30 16:11:00,2.83,2.83,completed,2028-05-30 17:11:00
765,313,74,188,118,2028-05-30 17:23:00,2028-05-30 17:53:00,3.41,3.41,completed,2028-05-30 18:53:00
766,314,2,118,133,2028-06-02 12:29:00,2028-06-02 12:53:00,2.58,2.58,completed,2028-06-02 13:53:00
767,315,75,132,118,2028-06-02 15:01:00,2028-06-02 15:27:00,3.92,3.92,completed,2028-06-02 16:27:00
768,316,76,118,418,2028-06-04 12:08:00,2028-06-04 12:38:00,4.70,4.70,completed,2028-06-04 13:38:00
769,317,2,189,118,2028-06-04 16:01:00,2028-06-04 16:35:00,4.89,4.89,completed,2028-06-04 17:35:00
770,318,2,118,419,2028-06-06 11:25:00,2028-06-06 12:20:00,7.47,7.47,completed,2028-06-06 13:20:00
771,319,34,190,118,2028-06-06 12:32:00,2028-06-06 13:19:00,8.46,8.46,completed,2028-06-06 14:19:00
772,320,10,118,18,2028-06-07 20:25:00,2028-06-07 21:06:00,10.41,10.41,completed,2028-06-07 22:06:00
773,321,2,18,118,2028-06-07 22:32:00,2028-06-07 23:04:00,11.04,11.04,completed,2028-06-08 00:04:00
774,322,77,118,420,2028-06-13 20:17:00,2028-06-13 20:34:00,2.18,2.18,completed,2028-06-13 21:34:00
775,323,8,191,118,2028-06-13 20:59:00,2028-06-13 21:12:00,3.06,3.06,completed,2028-06-13 22:12:00
776,324,40,118,421,2028-06-15 03:32:00,2028-06-15 04:09:00,3.51,3.51,completed,2028-06-15 05:09:00
777,325,2,192,194,2028-06-15 09:10:00,2028-06-15 09:52:00,5.65,5.65,completed,2028-06-15 10:52:00
778,326,44,193,422,2028-06-15 16:09:00,2028-06-15 16:57:00,7.68,7.68,completed,2028-06-15 17:57:00
779,327,2,194,423,2028-06-16 14:29:00,2028-06-16 14:48:00,2.56,2.56,completed,2028-06-16 15:48:00
780,328,2,195,196,2028-06-16 16:10:00,2028-06-16 16:32:00,3.91,3.91,completed,2028-06-16 17:32:00
781,329,52,196,197,2028-06-17 16:40:00,2028-06-17 17:09:00,10.04,10.04,completed,2028-06-17 18:09:00
782,330,78,197,196,2028-06-17 21:34:00,2028-06-17 21:55:00,8.10,8.10,completed,2028-06-17 22:55:00
783,331,9,198,424,2028-06-18 14:01:00,2028-06-18 14:18:00,3.00,3.00,completed,2028-06-18 15:18:00
784,332,2,199,425,2028-06-19 11:08:00,2028-06-19 11:42:00,4.98,4.98,completed,2028-06-19 12:42:00
785,333,9,18,18,2028-06-19 21:34:00,2028-06-19 21:36:00,0.84,0.84,cancelled,2028-06-19 22:36:00
786,334,2,18,18,2028-06-19 21:35:00,2028-06-19 21:38:00,0.86,0.86,cancelled,2028-06-19 22:38:00
787,335,3,18,118,2028-06-19 21:37:00,2028-06-19 22:14:00,11.62,11.62,completed,2028-06-19 23:14:00
788,336,9,118,204,2028-06-20 09:58:00,2028-06-20 10:31:00,4.19,4.19,completed,2028-06-20 11:31:00
789,337,79,200,118,2028-06-20 14:12:00,2028-06-20 15:11:00,7.55,7.55,completed,2028-06-20 16:11:00
790,338,29,201,118,2028-06-20 15:54:00,2028-06-20 16:08:00,1.91,1.91,completed,2028-06-20 17:08:00
791,339,19,132,118,2028-06-23 15:43:00,2028-06-23 16:24:00,3.62,3.62,completed,2028-06-23 17:24:00
792,340,80,118,204,2028-06-30 14:55:00,2028-06-30 15:27:00,4.11,4.11,completed,2028-06-30 16:27:00
793,228,28,202,118,2028-06-30 17:12:00,2028-06-30 18:07:00,4.45,4.45,completed,2028-06-30 19:07:00
794,341,10,118,132,2028-07-03 08:47:00,2028-07-03 09:09:00,3.43,4.80,completed,2028-07-03 10:09:00
795,341,10,132,118,2028-07-03 09:10:00,2028-07-03 09:24:00,4.94,4.94,completed,2028-07-03 10:23:00
796,342,1,118,426,2028-07-04 16:50:00,2028-07-04 17:11:00,2.46,2.46,completed,2028-07-04 18:11:00
797,343,10,203,118,2028-07-04 18:13:00,2028-07-04 18:45:00,3.07,3.07,completed,2028-07-04 19:13:00
798,344,28,118,427,2028-07-05 13:12:00,2028-07-05 13:41:00,3.62,3.62,completed,2028-07-05 14:41:00
799,345,5,204,118,2028-07-05 14:24:00,2028-07-05 14:52:00,3.69,3.69,completed,2028-07-05 15:52:00
800,346,7,205,428,2028-07-06 10:24:00,2028-07-06 10:38:00,1.48,1.48,completed,2028-07-06 11:38:00
801,347,1,206,429,2028-07-06 16:41:00,2028-07-06 16:51:00,1.68,1.68,completed,2028-07-06 17:51:00
802,348,35,101,118,2028-07-07 13:07:00,2028-07-07 13:35:00,3.20,3.20,completed,2028-07-07 14:35:00
803,349,40,207,430,2028-07-16 10:15:00,2028-07-16 10:59:00,8.74,8.74,completed,2028-07-16 11:59:00
804,350,40,208,118,2028-07-16 20:13:00,2028-07-16 20:48:00,6.05,6.05,completed,2028-07-16 21:48:00
805,351,1,118,18,2028-07-17 17:14:00,2028-07-17 18:02:00,10.52,10.52,completed,2028-07-17 19:02:00
806,115,81,118,122,2028-07-28 10:34:00,2028-07-28 10:54:00,5.12,5.12,completed,2028-07-28 11:34:00
807,352,5,122,118,2028-07-28 13:44:00,2028-07-28 14:12:00,5.21,5.21,completed,2028-07-28 14:44:00
808,353,2,118,209,2028-07-29 13:30:00,2028-07-29 13:51:00,3.14,3.14,completed,2028-07-29 14:51:00
809,354,61,209,118,2028-07-29 14:56:00,2028-07-29 15:25:00,3.78,3.78,completed,2028-07-29 16:25:00
810,355,5,101,118,2028-08-03 17:36:00,2028-08-03 17:59:00,3.30,3.30,completed,2028-08-03 18:59:00
811,240,9,18,118,2028-08-07 10:26:00,2028-08-07 11:04:00,10.84,10.84,completed,2028-08-07 11:26:00
812,356,9,210,118,2028-08-08 16:03:00,2028-08-08 16:28:00,2.72,2.72,completed,2028-08-08 17:28:00
813,357,1,211,212,2028-08-09 18:19:00,2028-08-09 18:37:00,1.81,1.81,completed,2028-08-09 19:19:00
814,358,40,212,118,2028-08-09 22:25:00,2028-08-09 23:01:00,6.16,6.16,completed,2028-08-10 00:01:00
815,359,9,213,118,2028-08-11 19:42:00,2028-08-11 20:20:00,4.46,4.46,completed,2028-08-11 21:20:00
816,360,47,118,431,2028-08-12 12:09:00,2028-08-12 12:48:00,6.75,6.75,completed,2028-08-12 13:48:00
817,361,82,214,118,2028-08-12 15:53:00,2028-08-12 16:36:00,5.58,5.58,completed,2028-08-12 16:53:00
818,362,12,118,215,2028-08-13 11:28:00,2028-08-13 11:44:00,2.56,2.56,completed,2028-08-13 12:28:00
819,363,70,215,118,2028-08-13 12:39:00,2028-08-13 12:58:00,4.56,4.56,completed,2028-08-13 13:39:00
820,364,83,118,432,2028-08-14 12:29:00,2028-08-14 13:18:00,5.10,5.10,completed,2028-08-14 14:18:00
821,365,9,216,433,2028-08-14 20:17:00,2028-08-14 21:08:00,4.29,4.29,completed,2028-08-14 22:08:00
822,366,28,118,434,2028-08-15 16:22:00,2028-08-15 16:57:00,4.58,4.58,completed,2028-08-15 17:57:00
823,115,4,118,18,2028-08-17 22:11:00,2028-08-17 22:59:00,30.26,30.26,completed,2028-08-16 23:11:00
824,115,9,118,18,2028-08-17 22:11:00,2028-08-17 22:59:00,10.33,10.33,completed,2028-08-17 23:11:00
825,367,1,118,18,2028-08-17 22:13:00,2028-08-17 22:57:00,10.11,10.11,completed,2028-08-17 23:57:00
826,368,10,18,118,2028-08-18 00:18:00,2028-08-18 00:55:00,10.77,10.77,completed,2028-08-18 01:55:00
827,369,2,217,155,2028-08-18 13:21:00,2028-08-18 13:42:00,3.41,3.41,completed,2028-08-18 14:42:00
828,370,12,118,435,2028-08-19 13:05:00,2028-08-19 13:44:00,4.84,4.84,completed,2028-08-19 14:44:00
829,371,84,218,436,2028-08-19 14:13:00,2028-08-19 14:21:00,1.36,1.36,completed,2028-08-19 15:21:00
830,372,60,219,435,2028-08-19 14:37:00,2028-08-19 14:48:00,2.04,2.04,completed,2028-08-19 15:48:00
831,373,21,220,118,2028-08-19 19:39:00,2028-08-19 20:10:00,5.09,5.09,completed,2028-08-19 21:10:00
832,374,72,118,260,2028-08-20 13:48:00,2028-08-20 14:00:00,1.81,1.81,completed,2028-08-20 15:00:00
833,375,4,221,118,2028-08-20 15:48:00,2028-08-20 16:50:00,26.88,26.88,completed,2028-08-20 17:50:00
834,376,11,118,437,2028-08-20 19:31:00,2028-08-20 20:26:00,13.41,13.41,completed,2028-08-20 21:26:00
835,377,5,118,18,2028-08-21 16:51:00,2028-08-21 18:00:00,10.32,10.32,completed,2028-08-21 19:00:00
836,378,2,18,118,2028-09-01 13:17:00,2028-09-01 14:23:00,11.00,11.00,completed,2028-09-01 14:17:00
837,379,80,118,209,2028-09-04 11:45:00,2028-09-04 12:11:00,2.79,2.79,completed,2028-09-04 12:45:00
838,380,9,215,118,2028-09-04 12:51:00,2028-09-04 13:27:00,3.51,3.51,completed,2028-09-04 13:51:00
839,381,2,18,118,2028-09-10 08:46:00,2028-09-10 09:17:00,11.13,11.13,completed,2028-09-10 10:17:00
840,382,2,101,118,2028-09-13 10:20:00,2028-09-13 10:58:00,3.80,3.80,completed,2028-09-13 11:58:00
841,383,5,118,132,2028-09-23 10:42:00,2028-09-23 11:06:00,3.79,3.79,completed,2028-09-23 12:06:00
842,384,2,132,118,2028-09-23 15:36:00,2028-09-23 15:53:00,2.78,2.78,completed,2028-09-23 16:53:00
843,385,2,118,200,2028-09-24 17:55:00,2028-09-24 18:27:00,3.58,3.58,completed,2028-09-24 19:27:00
844,386,41,200,118,2028-09-24 20:26:00,2028-09-24 20:50:00,5.09,5.09,completed,2028-09-24 21:50:00
845,387,85,118,438,2028-10-21 14:45:00,2028-10-21 15:15:00,3.83,3.83,completed,2028-10-21 16:15:00
846,388,4,222,118,2028-10-21 17:09:00,2028-10-21 17:34:00,14.35,14.35,completed,2028-10-21 18:34:00
847,389,33,118,302,2028-10-25 16:28:00,2028-10-25 16:56:00,3.62,3.62,completed,2028-10-25 17:56:00
848,390,42,223,118,2028-10-25 17:32:00,2028-10-25 18:24:00,20.59,20.59,completed,2028-10-25 19:24:00
849,316,76,224,439,2028-11-01 15:38:00,2028-11-01 15:56:00,2.87,2.87,completed,2028-11-01 16:56:00
850,391,48,225,118,2028-11-01 17:10:00,2028-11-01 17:39:00,3.35,3.35,completed,2028-11-01 18:39:00
851,392,86,118,440,2028-11-11 12:17:00,2028-11-11 12:43:00,2.74,2.74,completed,2028-11-11 13:43:00
852,393,61,215,118,2028-11-11 13:50:00,2028-11-11 14:21:00,4.48,4.48,completed,2028-11-11 15:21:00
853,394,61,226,18,2028-11-14 15:55:00,2028-11-14 16:26:00,9.78,9.78,completed,2028-11-14 17:26:00
854,395,48,18,441,2028-11-14 16:56:00,2028-11-14 17:52:00,14.20,14.20,completed,2028-11-14 18:52:00
855,396,72,118,232,2028-11-16 07:54:00,2028-11-16 08:35:00,5.23,5.23,completed,2028-11-16 09:35:00
856,397,10,227,118,2028-11-16 08:54:00,2028-11-16 09:15:00,3.37,3.37,completed,2028-11-16 10:15:00
857,398,11,118,442,2028-11-18 12:48:00,2028-11-18 13:20:00,3.43,3.43,completed,2028-11-18 14:20:00
858,399,5,118,228,2028-11-21 14:21:00,2028-11-21 14:39:00,2.75,2.75,completed,2028-11-21 15:39:00
859,400,2,228,443,2028-11-21 16:04:00,2028-11-21 16:16:00,1.91,1.91,completed,2028-11-21 17:16:00
860,400,2,229,431,2028-11-21 16:17:00,2028-11-21 16:44:00,3.62,3.62,completed,2028-11-21 17:44:00
861,401,27,230,118,2028-11-22 12:52:00,2028-11-22 13:25:00,4.26,4.26,completed,2028-11-22 14:25:00
862,402,8,231,444,2028-11-23 11:29:00,2028-11-23 11:46:00,1.95,1.95,completed,2028-11-23 12:46:00
863,403,79,232,118,2028-11-23 12:14:00,2028-11-23 12:41:00,3.83,3.83,completed,2028-11-23 13:41:00
864,404,58,118,445,2028-11-23 15:47:00,2028-11-23 16:13:00,4.00,4.00,completed,2028-11-23 17:13:00
865,405,2,233,446,2028-11-23 16:19:00,2028-11-23 16:44:00,4.29,4.29,completed,2028-11-23 17:44:00
866,406,10,118,447,2028-11-24 10:22:00,2028-11-24 10:52:00,4.37,4.37,completed,2028-11-24 11:52:00
867,407,2,234,118,2028-11-24 18:00:00,2028-11-24 18:48:00,8.20,8.20,completed,2028-11-24 19:48:00
868,408,72,118,18,2028-11-24 21:45:00,2028-11-24 22:19:00,10.40,10.40,completed,2028-11-24 23:19:00
869,409,2,18,235,2028-11-24 23:03:00,2028-11-24 23:41:00,11.01,11.01,completed,2028-11-25 00:41:00
870,411,87,18,235,2028-11-25 00:17:00,2028-11-25 00:51:00,10.94,10.94,completed,2028-11-25 01:51:00
871,410,61,18,235,2028-11-25 00:18:00,2028-11-25 00:49:00,11.61,11.61,completed,2028-11-25 01:49:00
872,412,10,235,448,2028-11-25 12:59:00,2028-11-25 13:10:00,1.73,1.73,completed,2028-11-25 14:10:00
873,413,2,118,449,2028-11-25 14:48:00,2028-11-25 15:03:00,1.88,1.88,completed,2028-11-25 16:03:00
874,414,35,118,236,2028-11-25 15:44:00,2028-11-25 15:52:00,2.00,2.00,completed,2028-11-25 16:52:00
875,415,2,118,450,2028-11-25 15:45:00,2028-11-25 16:06:00,1.76,1.76,completed,2028-11-25 17:06:00
876,416,61,118,236,2028-11-25 16:01:00,2028-11-25 16:19:00,1.37,1.37,completed,2028-11-25 17:19:00
877,417,48,236,118,2028-11-25 21:19:00,2028-11-25 21:44:00,1.90,1.90,completed,2028-11-25 22:44:00
878,418,5,237,235,2028-11-25 21:59:00,2028-11-25 22:17:00,2.38,2.38,completed,2028-11-25 23:17:00
879,419,2,238,451,2028-11-25 22:20:00,2028-11-25 22:46:00,7.19,11.50,completed,2028-11-25 23:46:00
880,420,2,118,18,2028-11-26 10:56:00,2028-11-26 11:34:00,12.97,12.97,completed,2028-11-26 12:34:00
881,421,56,118,304,2028-11-26 14:13:00,2028-11-26 14:38:00,4.13,4.13,completed,2028-11-26 15:38:00
882,422,20,122,235,2028-11-26 19:01:00,2028-11-26 19:59:00,4.38,4.38,completed,2028-11-26 20:59:00
883,423,61,118,239,2028-11-27 11:51:00,2028-11-27 12:26:00,5.92,5.92,completed,2028-11-27 13:26:00
884,424,88,168,452,2028-11-27 13:56:00,2028-11-27 14:33:00,4.21,4.21,completed,2028-11-27 15:33:00
885,425,1,239,118,2028-11-27 14:18:00,2028-11-27 14:57:00,6.47,6.47,completed,2028-11-27 15:57:00
886,426,89,240,118,2028-11-27 15:57:00,2028-11-27 16:33:00,4.83,4.83,completed,2028-11-27 17:33:00
887,427,2,118,453,2028-11-27 16:40:00,2028-11-27 16:58:00,3.22,3.22,completed,2028-11-27 17:58:00
888,428,4,118,454,2028-11-27 21:36:00,2028-11-27 22:06:00,11.33,11.33,completed,2028-11-27 23:06:00
889,429,55,118,455,2028-11-28 08:33:00,2028-11-28 09:08:00,5.67,5.67,completed,2028-11-28 10:08:00
890,431,61,118,457,2028-11-28 10:14:00,2028-11-28 10:49:00,3.67,3.67,completed,2028-11-28 11:49:00
891,430,5,241,456,2028-11-28 10:18:00,2028-11-28 10:45:00,2.97,2.97,completed,2028-11-28 11:45:00
892,432,61,242,118,2028-11-28 11:06:00,2028-11-28 11:32:00,4.01,4.01,completed,2028-11-28 12:32:00
893,433,5,118,458,2028-11-28 14:14:00,2028-11-28 15:05:00,5.81,5.81,completed,2028-11-28 16:05:00
894,434,47,243,118,2028-11-28 16:20:00,2028-11-28 17:18:00,6.30,6.30,completed,2028-11-28 18:18:00
895,436,37,245,118,2028-11-28 18:09:00,2028-11-28 19:22:00,8.03,8.03,completed,2028-11-28 20:22:00
896,435,2,244,118,2028-11-28 18:14:00,2028-11-28 19:20:00,8.99,8.99,completed,2028-11-28 20:20:00
897,437,2,118,228,2028-11-29 10:42:00,2028-11-29 10:59:00,3.36,3.36,completed,2028-11-29 11:59:00
898,149,49,246,459,2028-11-29 12:30:00,2028-11-29 12:42:00,2.04,2.04,completed,2028-11-29 13:42:00
899,438,47,118,18,2028-11-30 13:17:00,2028-11-30 13:56:00,10.98,10.98,completed,2028-11-30 14:56:00
900,439,2,247,228,2028-12-01 12:39:00,2028-12-01 13:01:00,2.95,2.95,completed,2028-12-01 14:01:00
901,440,90,248,118,2028-12-02 01:06:00,2028-12-02 01:31:00,11.12,11.12,completed,2028-12-02 02:31:00
902,441,72,118,249,2028-12-02 10:44:00,2028-12-02 11:13:00,7.39,7.39,completed,2028-12-02 12:13:00
903,442,91,249,118,2028-12-02 17:51:00,2028-12-02 18:29:00,5.77,5.77,completed,2028-12-02 19:29:00
904,443,35,250,228,2028-12-04 09:32:00,2028-12-04 09:59:00,2.67,2.67,completed,2028-12-04 10:59:00
905,444,92,228,276,2028-12-04 19:09:00,2028-12-04 19:33:00,2.64,2.64,completed,2028-12-04 20:33:00
906,445,25,250,228,2028-12-05 10:47:00,2028-12-05 11:09:00,3.40,3.40,completed,2028-12-05 12:09:00
907,446,9,251,118,2028-12-05 21:00:00,2028-12-05 21:12:00,2.99,2.99,completed,2028-12-05 22:12:00
908,447,93,228,118,2028-12-07 20:04:00,2028-12-07 20:29:00,3.07,3.07,completed,2028-12-07 21:29:00
909,448,21,228,460,2028-12-08 19:09:00,2028-12-08 19:33:00,4.69,4.69,completed,2028-12-08 20:33:00
910,449,2,118,18,2028-12-09 09:52:00,2028-12-09 10:39:00,13.24,13.24,completed,2028-12-09 11:39:00
911,450,10,252,228,2028-12-09 12:35:00,2028-12-09 13:24:00,5.93,5.93,completed,2028-12-09 14:24:00
912,451,78,228,118,2028-12-09 13:36:00,2028-12-09 14:02:00,3.00,3.00,completed,2028-12-09 15:02:00
913,452,5,118,253,2028-12-10 14:10:00,2028-12-10 14:50:00,4.72,4.72,completed,2028-12-10 15:50:00
914,453,72,253,461,2028-12-10 15:00:00,2028-12-10 15:40:00,5.93,5.93,completed,2028-12-10 16:40:00
915,454,61,118,228,2028-12-11 10:01:00,2028-12-11 10:17:00,2.68,2.68,completed,2028-12-11 11:17:00
916,455,72,118,462,2028-12-11 11:28:00,2028-12-11 12:20:00,5.70,5.70,completed,2028-12-11 13:20:00
917,456,75,254,118,2028-12-11 13:48:00,2028-12-11 14:40:00,6.26,6.26,completed,2028-12-11 15:40:00
918,457,2,255,118,2028-12-11 20:24:00,2028-12-11 20:39:00,2.51,2.51,completed,2028-12-11 21:39:00
919,458,2,118,228,2028-12-12 10:56:00,2028-12-12 11:21:00,3.56,3.56,completed,2028-12-12 12:21:00
920,459,10,228,118,2028-12-12 21:30:00,2028-12-12 21:53:00,2.80,2.80,completed,2028-12-12 22:53:00
921,460,47,118,228,2028-12-13 11:16:00,2028-12-13 11:40:00,2.53,2.53,completed,2028-12-13 12:40:00
922,461,94,228,118,2028-12-13 19:04:00,2028-12-13 19:30:00,3.26,3.26,completed,2028-12-13 20:30:00
923,462,2,118,228,2028-12-14 10:14:00,2028-12-14 10:40:00,3.08,3.08,completed,2028-12-14 11:40:00
924,463,41,228,463,2028-12-14 20:46:00,2028-12-14 21:14:00,3.14,3.14,completed,2028-12-14 22:14:00
925,464,9,256,118,2028-12-14 21:42:00,2028-12-14 22:08:00,4.89,4.89,completed,2028-12-14 23:08:00
926,465,9,118,228,2028-12-15 10:57:00,2028-12-15 11:27:00,3.48,3.48,completed,2028-12-15 12:27:00
927,466,2,257,464,2028-12-15 19:59:00,2028-12-15 20:20:00,3.72,3.72,completed,2028-12-15 21:20:00
928,467,95,258,459,2028-12-15 20:38:00,2028-12-15 20:48:00,1.80,1.80,completed,2028-12-15 21:48:00
929,468,72,259,118,2028-12-16 11:50:00,2028-12-16 12:14:00,4.54,4.54,completed,2028-12-16 13:14:00
930,160,24,118,247,2028-12-16 14:27:00,2028-12-16 15:06:00,4.79,5.75,completed,2028-12-16 16:06:00
931,469,96,260,228,2028-12-18 11:11:00,2028-12-18 11:47:00,8.43,8.43,completed,2028-12-18 12:47:00
932,470,12,228,463,2028-12-18 20:15:00,2028-12-18 20:40:00,3.25,3.25,completed,2028-12-18 21:40:00
933,471,1,261,118,2028-12-18 21:22:00,2028-12-18 21:48:00,5.81,5.81,completed,2028-12-18 22:48:00
934,472,48,118,228,2028-12-19 10:19:00,2028-12-19 11:02:00,3.05,3.05,completed,2028-12-19 12:02:00
935,473,93,118,262,2028-12-19 15:05:00,2028-12-19 15:37:00,2.38,2.38,completed,2028-12-19 16:37:00
936,474,7,262,118,2028-12-19 17:51:00,2028-12-19 18:33:00,4.22,4.22,completed,2028-12-19 19:33:00
937,475,9,118,263,2028-12-20 13:34:00,2028-12-20 14:21:00,3.95,3.95,completed,2028-12-20 15:21:00
938,476,17,263,118,2028-12-20 15:07:00,2028-12-20 15:49:00,6.98,6.98,completed,2028-12-20 16:49:00
939,477,80,228,118,2028-12-20 20:55:00,2028-12-20 21:19:00,3.18,3.18,completed,2028-12-20 22:19:00
940,478,91,118,228,2028-12-21 10:33:00,2028-12-21 11:07:00,3.78,3.78,completed,2028-12-21 12:07:00
941,479,4,228,264,2028-12-21 18:00:00,2028-12-21 19:23:00,23.44,23.44,completed,2028-12-21 20:23:00
942,480,72,264,228,2028-12-21 23:08:00,2028-12-22 00:25:00,11.27,11.27,completed,2028-12-22 01:25:00
943,481,88,228,118,2028-12-22 00:56:00,2028-12-22 01:15:00,3.86,3.86,completed,2028-12-22 02:15:00
944,482,97,228,118,2028-12-24 11:31:00,2028-12-24 11:57:00,4.87,4.87,completed,2028-12-24 12:57:00
945,483,98,265,228,2028-12-24 14:36:00,2028-12-24 15:08:00,4.80,4.80,completed,2028-12-24 16:08:00
946,484,99,228,118,2028-12-24 15:20:00,2028-12-24 15:43:00,3.50,3.50,completed,2028-12-24 16:43:00
947,485,1,257,118,2028-12-25 21:09:00,2028-12-25 21:29:00,3.43,3.43,completed,2028-12-25 22:29:00
948,486,11,266,228,2028-12-26 11:41:00,2028-12-26 12:05:00,3.54,3.54,completed,2028-12-26 13:05:00
949,487,42,228,118,2028-12-26 21:59:00,2028-12-26 22:23:00,4.04,4.04,completed,2028-12-26 23:23:00
950,488,10,118,228,2028-12-27 10:43:00,2028-12-27 11:10:00,3.29,3.29,completed,2028-12-27 12:10:00
951,489,100,267,228,2028-12-29 14:08:00,2028-12-29 14:26:00,3.46,3.46,completed,2028-12-29 15:26:00
952,490,47,118,465,2028-12-30 16:39:00,2028-12-30 17:18:00,4.27,4.27,completed,2028-12-30 18:18:00
953,491,14,268,118,2028-12-30 18:01:00,2028-12-30 18:33:00,5.77,5.77,completed,2028-12-30 19:33:00
954,492,2,118,269,2029-01-04 10:27:00,2029-01-04 10:47:00,5.82,5.82,completed,2029-01-04 11:47:00
955,493,28,269,228,2029-01-04 11:41:00,2029-01-04 11:57:00,3.40,3.40,completed,2029-01-04 12:57:00
956,494,101,270,272,2029-01-05 12:37:00,2029-01-05 12:47:00,1.65,1.65,completed,2029-01-05 13:47:00
957,495,5,271,272,2029-01-05 15:46:00,2029-01-05 16:20:00,8.11,8.11,completed,2029-01-05 17:20:00
958,496,2,272,271,2029-01-05 17:47:00,2029-01-05 18:16:00,7.34,7.34,completed,2029-01-05 19:16:00
959,497,41,272,118,2029-01-05 18:30:00,2029-01-05 18:52:00,3.76,3.76,completed,2029-01-05 19:52:00
960,498,93,118,466,2029-01-07 16:21:00,2029-01-07 16:47:00,4.11,4.11,completed,2029-01-07 17:47:00
961,499,2,122,259,2029-01-07 18:14:00,2029-01-07 18:44:00,2.69,2.69,completed,2029-01-07 19:44:00
962,500,61,259,118,2029-01-07 18:56:00,2029-01-07 19:21:00,4.13,4.13,completed,2029-01-07 20:21:00
963,501,9,267,228,2029-01-09 10:29:00,2029-01-09 10:47:00,1.84,1.84,completed,2029-01-09 10:47:00
964,502,11,118,267,2029-01-10 09:07:00,2029-01-10 09:38:00,3.14,3.14,completed,2029-01-10 09:38:00
965,503,9,267,228,2029-01-10 09:46:00,2029-01-10 10:03:00,2.10,2.10,completed,2029-01-10 10:03:00
966,504,5,273,118,2029-01-10 20:23:00,2029-01-10 20:44:00,2.65,2.65,completed,2029-01-10 20:44:00
967,505,102,118,228,2029-01-11 10:36:00,2029-01-11 10:58:00,2.60,2.60,completed,2029-01-11 10:58:00
968,506,2,118,267,2029-01-12 07:37:00,2029-01-12 08:20:00,4.54,4.54,completed,2029-01-12 08:20:00
969,507,103,267,228,2029-01-12 08:51:00,2029-01-12 09:02:00,2.01,2.01,completed,2029-01-12 09:02:00
970,508,72,228,267,2029-01-12 18:18:00,2029-01-12 18:36:00,3.66,3.66,completed,2029-01-12 18:36:00
971,509,104,274,228,2029-01-14 12:09:00,2029-01-14 12:33:00,2.76,2.76,completed,2029-01-14 12:33:00
972,510,35,228,467,2029-01-14 19:05:00,2029-01-14 19:28:00,2.40,2.40,completed,2029-01-14 19:28:00
973,511,93,275,303,2029-01-14 21:12:00,2029-01-14 21:23:00,1.24,1.24,completed,2029-01-14 21:23:00
974,512,47,276,278,2029-01-14 21:30:00,2029-01-14 21:48:00,2.42,2.42,completed,2029-01-14 21:48:00
975,512,47,277,118,2029-01-14 21:52:00,2029-01-14 22:06:00,2.84,2.84,completed,2029-01-14 22:06:00
976,513,9,118,267,2029-01-15 05:29:00,2029-01-15 05:50:00,3.60,3.60,completed,2029-01-15 05:50:00
977,387,47,278,228,2029-01-15 09:12:00,2029-01-15 09:37:00,2.08,2.08,completed,2029-01-15 09:37:00
978,514,47,228,468,2029-01-15 13:43:00,2029-01-15 14:03:00,2.38,2.38,completed,2029-01-15 14:03:00
979,515,33,267,228,2029-01-15 15:38:00,2029-01-15 15:53:00,2.52,2.52,completed,2029-01-15 15:53:00
980,516,2,118,279,2029-01-16 09:39:00,2029-01-16 10:04:00,4.65,4.65,completed,2029-01-16 10:04:00
981,517,104,279,118,2029-01-16 10:34:00,2029-01-16 10:52:00,5.29,5.29,completed,2029-01-16 10:52:00
982,115,24,118,228,2029-01-16 11:07:00,2029-01-16 11:58:00,6.91,6.91,completed,2029-01-16 11:58:00
983,518,1,118,280,2029-01-17 07:33:00,2029-01-17 08:22:00,5.68,5.68,completed,2029-01-17 08:22:00
984,520,105,280,118,2029-01-17 09:36:00,2029-01-17 10:05:00,8.47,8.47,completed,2029-01-17 10:05:00
985,519,37,280,228,2029-01-17 09:39:00,2029-01-17 09:56:00,6.15,6.15,completed,2029-01-17 09:56:00
986,521,2,118,228,2029-01-18 10:30:00,2029-01-18 10:59:00,2.76,2.76,completed,2029-01-18 10:59:00
987,522,72,228,118,2029-01-18 21:34:00,2029-01-18 21:59:00,2.80,2.80,completed,2029-01-18 21:59:00
988,138,9,118,469,2029-01-20 11:31:00,2029-01-20 11:52:00,2.98,2.98,completed,2029-01-20 11:52:00
989,523,61,281,118,2029-01-20 14:18:00,2029-01-20 14:46:00,2.79,2.79,completed,2029-01-20 14:46:00
990,524,5,228,118,2029-01-22 15:47:00,2029-01-22 16:11:00,3.08,3.08,completed,2029-01-22 16:11:00
991,525,2,118,228,2029-01-24 11:22:00,2029-01-24 11:39:00,2.67,2.67,completed,2029-01-24 11:39:00
992,526,1,228,118,2029-01-24 21:08:00,2029-01-24 21:39:00,3.03,3.03,completed,2029-01-24 21:39:00
993,527,56,118,228,2029-01-25 10:35:00,2029-01-25 10:57:00,2.92,2.92,completed,2029-01-25 10:57:00
994,528,5,228,118,2029-01-25 20:00:00,2029-01-25 20:22:00,3.58,3.58,completed,2029-01-25 20:22:00
995,529,10,118,260,2029-01-26 10:52:00,2029-01-26 11:05:00,2.17,2.17,completed,2029-01-26 11:05:00
996,402,8,260,228,2029-01-26 11:24:00,2029-01-26 11:44:00,3.38,3.38,completed,2029-01-26 11:44:00
997,530,20,282,228,2029-01-27 03:57:00,2029-01-27 04:14:00,3.50,3.50,completed,2029-01-27 04:14:00
998,531,1,228,118,2029-01-27 04:18:00,2029-01-27 04:35:00,2.76,2.76,completed,2029-01-27 04:35:00
999,532,5,118,470,2029-01-28 14:57:00,2029-01-28 15:18:00,2.70,2.70,completed,2029-01-28 15:18:00
1000,533,1,283,118,2029-01-28 16:59:00,2029-01-28 17:11:00,1.46,1.46,completed,2029-01-28 17:11:00
1001,534,1,118,228,2029-01-29 11:38:00,2029-01-29 11:55:00,2.59,2.59,completed,2029-01-29 11:55:00
1002,535,17,118,471,2029-01-30 08:41:00,2029-01-30 09:23:00,5.45,5.45,completed,2029-01-30 09:23:00
1003,115,9,284,228,2029-01-30 09:43:00,2029-01-30 10:08:00,4.01,4.01,completed,2029-01-30 10:08:00
1004,536,10,228,118,2029-01-30 21:21:00,2029-01-30 21:47:00,2.87,2.87,completed,2029-01-30 21:47:00
1005,537,106,118,228,2029-01-31 10:31:00,2029-01-31 10:54:00,2.77,2.77,completed,2029-01-31 10:54:00
1006,538,72,228,118,2029-01-31 20:45:00,2029-01-31 21:08:00,3.06,3.06,completed,2029-01-31 21:08:00
1007,539,5,285,228,2029-02-01 09:55:00,2029-02-01 10:18:00,3.53,3.53,completed,2029-02-01 10:18:00
1008,540,2,118,228,2029-02-02 09:55:00,2029-02-02 10:20:00,4.92,4.92,completed,2029-02-02 10:20:00
1009,541,10,228,118,2029-02-05 20:43:00,2029-02-05 21:08:00,3.30,3.30,completed,2029-02-05 21:08:00
1010,542,107,118,228,2029-02-06 10:38:00,2029-02-06 11:11:00,2.91,2.91,completed,2029-02-06 11:11:00
1011,543,41,118,228,2029-02-07 10:41:00,2029-02-07 11:04:00,3.33,3.33,completed,2029-02-07 11:04:00
1012,544,5,118,228,2029-02-08 10:09:00,2029-02-08 11:33:00,9.60,9.60,completed,2029-02-08 11:33:00
1013,545,11,228,472,2029-02-08 18:10:00,2029-02-08 19:11:00,8.20,8.20,completed,2029-02-08 19:11:00
1014,546,41,286,287,2029-02-08 20:46:00,2029-02-08 21:15:00,3.85,3.85,completed,2029-02-08 21:15:00
1015,547,61,287,473,2029-02-08 23:39:00,2029-02-09 00:16:00,7.09,11.34,completed,2029-02-09 00:16:00
1016,548,108,228,118,2029-02-09 00:22:00,2029-02-09 00:48:00,2.74,2.74,completed,2029-02-09 00:48:00
1017,549,2,118,228,2029-02-09 09:53:00,2029-02-09 10:34:00,3.49,3.49,completed,2029-02-09 10:34:00
1018,550,109,228,118,2029-02-09 20:43:00,2029-02-09 21:12:00,3.33,3.33,completed,2029-02-09 21:12:00
1019,551,11,288,289,2029-02-10 11:49:00,2029-02-10 12:05:00,2.23,2.23,completed,2029-02-10 12:05:00
1020,552,9,289,118,2029-02-10 13:17:00,2029-02-10 13:46:00,3.67,3.67,completed,2029-02-10 13:46:00
1021,553,5,118,18,2029-02-12 10:55:00,2029-02-12 11:33:00,12.04,12.04,completed,2029-02-12 11:33:00
1022,554,10,290,474,2029-02-12 14:58:00,2029-02-12 16:04:00,14.71,14.71,completed,2029-02-12 16:04:00
1023,555,27,291,475,2029-02-13 00:12:00,2029-02-13 01:26:00,20.59,28.83,completed,2029-02-13 01:26:00
1024,556,13,18,118,2029-02-13 07:55:00,2029-02-13 08:43:00,11.27,11.27,completed,2029-02-13 08:43:00
1025,557,2,118,228,2029-02-13 10:53:00,2029-02-13 11:25:00,4.60,4.60,completed,2029-02-13 11:25:00
1026,558,2,228,292,2029-02-13 21:13:00,2029-02-13 21:36:00,2.10,2.10,completed,2029-02-13 21:36:00
1027,559,11,292,293,2029-02-13 21:44:00,2029-02-13 22:11:00,2.48,2.48,completed,2029-02-13 22:11:00
1028,560,20,293,228,2029-02-13 22:20:00,2029-02-13 22:36:00,3.07,3.07,completed,2029-02-13 22:36:00
1029,115,47,228,118,2029-02-13 22:53:00,2029-02-13 23:11:00,2.79,2.79,completed,2029-02-13 23:11:00
1030,561,5,118,228,2029-02-14 04:11:00,2029-02-14 04:26:00,2.63,2.63,completed,2029-02-14 04:26:00
1031,562,28,228,118,2029-02-14 05:53:00,2029-02-14 06:09:00,2.79,2.79,completed,2029-02-14 06:09:00
1032,563,74,118,228,2029-02-14 11:23:00,2029-02-14 11:54:00,2.92,2.92,completed,2029-02-14 11:54:00
1033,564,81,118,228,2029-02-15 10:44:00,2029-02-15 11:06:00,3.06,3.06,completed,2029-02-15 11:06:00
1034,565,29,118,228,2029-02-16 11:01:00,2029-02-16 11:29:00,2.79,2.79,completed,2029-02-16 11:29:00
1035,566,2,228,118,2029-02-16 21:03:00,2029-02-16 21:36:00,3.03,3.03,completed,2029-02-16 21:36:00
1036,567,56,118,292,2029-02-19 09:41:00,2029-02-19 10:15:00,3.88,3.88,completed,2029-02-19 10:15:00
1037,115,72,292,228,2029-02-19 11:39:00,2029-02-19 11:56:00,1.97,1.97,completed,2029-02-19 11:56:00
1038,568,54,228,118,2029-02-19 21:14:00,2029-02-19 21:36:00,2.89,2.89,completed,2029-02-19 21:36:00
1039,569,110,118,228,2029-02-20 12:23:00,2029-02-20 12:47:00,2.63,2.63,completed,2029-02-20 12:47:00
1040,570,72,118,228,2029-02-22 10:11:00,2029-02-22 10:36:00,3.93,3.93,completed,2029-02-22 10:36:00
1041,127,5,294,228,2029-02-23 15:40:00,2029-02-23 15:53:00,3.51,3.51,completed,2029-02-23 15:53:00
1042,571,72,228,118,2029-02-23 22:19:00,2029-02-23 22:40:00,3.94,3.94,completed,2029-02-23 22:40:00
1043,572,9,118,228,2029-02-26 10:29:00,2029-02-26 10:53:00,2.68,2.68,completed,2029-02-26 10:53:00
1044,573,61,228,118,2029-02-26 20:25:00,2029-02-26 20:45:00,2.65,2.65,completed,2029-02-26 20:45:00
1045,574,72,118,228,2029-02-27 10:08:00,2029-02-27 10:30:00,2.51,2.51,completed,2029-02-27 10:30:00
1046,575,81,288,228,2029-02-28 12:02:00,2029-02-28 12:40:00,3.41,3.41,completed,2029-02-28 12:40:00
1047,576,88,228,118,2029-02-28 20:25:00,2029-02-28 20:50:00,2.93,2.93,completed,2029-02-28 20:50:00
1048,577,2,118,292,2029-03-01 11:58:00,2029-03-01 12:18:00,2.47,2.47,completed,2029-03-01 12:18:00
1049,578,2,292,118,2029-03-01 19:09:00,2029-03-01 19:47:00,4.28,4.28,completed,2029-03-01 19:47:00
1050,579,5,295,228,2029-03-02 10:58:00,2029-03-02 11:35:00,4.94,4.94,completed,2029-03-02 11:35:00
1051,580,111,228,118,2029-03-02 21:26:00,2029-03-02 21:49:00,2.92,2.92,completed,2029-03-02 21:49:00
1052,581,11,118,228,2029-03-05 11:02:00,2029-03-05 11:26:00,2.62,2.62,completed,2029-03-05 11:26:00
1053,582,62,228,292,2029-03-05 20:13:00,2029-03-05 20:31:00,2.16,2.16,completed,2029-03-05 20:31:00
1054,583,21,118,260,2029-03-06 09:21:00,2029-03-06 09:47:00,2.51,2.51,completed,2029-03-06 09:47:00
1055,584,112,260,228,2029-03-06 10:54:00,2029-03-06 11:32:00,3.18,3.18,completed,2029-03-06 11:32:00
1056,585,10,228,118,2029-03-06 21:24:00,2029-03-06 21:44:00,2.74,2.74,completed,2029-03-06 21:44:00
1057,586,9,118,292,2029-03-07 10:20:00,2029-03-07 10:42:00,2.78,2.78,completed,2029-03-07 10:42:00
1058,587,43,118,297,2029-03-08 04:11:00,2029-03-08 04:39:00,2.98,2.98,completed,2029-03-08 04:39:00
1059,588,9,296,118,2029-03-11 19:38:00,2029-03-11 19:59:00,4.96,4.96,completed,2029-03-11 19:59:00
1060,589,5,297,118,2029-03-11 19:52:00,2029-03-11 20:14:00,3.79,3.79,completed,2029-03-11 20:14:00
1061,590,5,18,118,2029-03-12 15:43:00,2029-03-12 16:19:00,11.46,11.46,completed,2029-03-12 16:19:00
1062,591,5,298,118,2029-03-12 22:38:00,2029-03-12 23:07:00,6.33,6.33,completed,2029-03-12 23:07:00
1063,592,11,118,292,2029-03-13 10:43:00,2029-03-13 11:01:00,2.34,2.34,completed,2029-03-13 11:01:00
1064,593,70,292,118,2029-03-13 17:17:00,2029-03-13 17:42:00,3.62,3.62,completed,2029-03-13 17:42:00
1065,594,113,118,263,2029-03-16 09:20:00,2029-03-16 09:52:00,7.84,7.84,completed,2029-03-16 09:52:00
1066,595,10,263,260,2029-03-16 10:12:00,2029-03-16 10:45:00,4.47,4.47,completed,2029-03-16 10:45:00
1067,596,114,260,300,2029-03-16 12:04:00,2029-03-16 12:43:00,3.75,3.75,completed,2029-03-16 12:43:00
1068,597,115,299,300,2029-03-16 14:20:00,2029-03-16 16:04:00,11.03,11.03,completed,2029-03-16 16:04:00
1069,598,41,300,299,2029-03-16 18:43:00,2029-03-16 19:46:00,13.03,13.03,completed,2029-03-16 19:46:00
1070,599,40,301,118,2029-03-16 21:14:00,2029-03-16 21:50:00,4.26,4.26,completed,2029-03-16 21:50:00
1071,600,116,118,476,2029-03-17 14:21:00,2029-03-17 14:59:00,3.41,3.41,completed,2029-03-17 14:59:00
1072,601,2,118,292,2029-03-19 09:43:00,2029-03-19 10:08:00,3.18,3.18,completed,2029-03-19 10:08:00
1073,602,5,118,292,2029-03-19 13:12:00,2029-03-19 13:36:00,2.33,2.33,completed,2029-03-19 13:36:00
1074,603,117,292,118,2029-03-19 20:40:00,2029-03-19 21:16:00,4.41,4.41,completed,2029-03-19 21:16:00
1075,604,9,118,292,2029-03-20 19:19:00,2029-03-20 19:38:00,2.57,2.57,completed,2029-03-20 19:38:00
1076,605,5,118,215,2029-03-21 15:41:00,2029-03-21 16:08:00,2.90,2.90,completed,2029-03-21 16:08:00
1077,606,104,215,118,2029-03-21 17:11:00,2029-03-21 17:45:00,3.23,3.23,completed,2029-03-21 17:47:00
1078,607,93,118,296,2029-03-26 05:23:00,2029-03-26 05:46:00,3.25,3.25,completed,2029-03-26 05:46:00
1079,608,14,296,118,2029-03-26 23:25:00,2029-03-26 23:50:00,3.79,3.79,completed,2029-03-26 23:50:00
1080,609,5,118,302,2029-03-30 12:40:00,2029-03-30 13:13:00,3.86,3.86,completed,2029-03-30 13:13:00
1081,610,61,302,118,2029-03-30 15:07:00,2029-03-30 15:43:00,5.33,5.33,completed,2029-03-30 15:43:00
1082,611,11,303,118,2029-04-02 17:02:00,2029-04-02 17:43:00,3.43,3.43,completed,2029-04-02 17:43:00
1083,612,2,118,477,2029-04-04 09:15:00,2029-04-04 09:37:00,2.97,2.97,completed,2029-04-04 09:37:00
1084,613,2,266,292,2029-04-04 11:17:00,2029-04-04 11:40:00,2.52,2.52,completed,2029-04-04 11:40:00
1085,614,9,301,118,2029-04-04 19:05:00,2029-04-04 19:54:00,5.44,5.44,completed,2029-04-04 19:54:00
1086,615,56,118,304,2029-04-05 11:11:00,2029-04-05 11:36:00,3.85,3.85,completed,2029-04-05 11:36:00
1087,616,72,304,118,2029-04-05 16:43:00,2029-04-05 17:10:00,4.49,4.49,completed,2029-04-05 17:10:00
1088,617,1,118,18,2029-04-09 11:34:00,2029-04-09 12:20:00,10.20,10.20,completed,2029-04-09 12:20:00
1089,618,118,118,305,2029-04-12 12:54:00,2029-04-12 13:26:00,3.75,3.75,completed,2029-04-12 13:26:00
1090,619,119,305,292,2029-04-12 17:28:00,2029-04-12 18:05:00,4.37,4.37,completed,2029-04-12 18:05:00
1091,620,75,306,118,2029-04-13 17:36:00,2029-04-13 18:13:00,3.56,3.56,completed,2029-04-13 18:13:00
1092,621,7,307,308,2029-04-19 10:33:00,2029-04-19 10:54:00,3.51,3.51,completed,2029-04-19 10:54:00
1093,622,2,308,118,2029-04-19 11:19:00,2029-04-19 11:55:00,4.55,4.55,completed,2029-04-19 11:55:00
1094,623,120,309,292,2029-04-23 10:44:00,2029-04-23 10:59:00,2.80,2.80,completed,2029-04-23 10:59:00
1095,624,2,292,478,2029-04-23 11:59:00,2029-04-23 12:11:00,2.60,2.60,completed,2029-04-23 12:11:00
1096,625,121,118,479,2029-04-24 14:21:00,2029-04-24 14:58:00,3.92,3.92,completed,2029-04-24 14:58:00
1097,626,93,118,215,2029-04-26 15:22:00,2029-04-26 15:57:00,2.78,2.78,completed,2029-04-26 15:57:00
1098,627,61,215,118,2029-04-26 16:37:00,2029-04-26 17:00:00,3.33,3.33,completed,2029-04-26 17:00:00
1099,628,40,118,296,2029-04-27 14:15:00,2029-04-27 15:05:00,3.41,3.41,completed,2029-04-27 15:05:00
