user_id,name,email,phone,rating,created_at
1,Brandon Walker,brandonwalker@gmail.com,(743) 900-9824,4.4,2026-04-19 00:00:00
2,Daniel Carter,dcarter@outlook.com,(582) 597-4483,4.5,2024-06-06 00:00:00
3,Joshua Wright,wrightj32@gmail.com,(680) 523-7596,4.9,2022-12-26 00:00:00
4,David White,dwhite@gmail.com,(282) 673-9497,4.1,2027-12-29 00:00:00
5,Elizabeth Baker,elizabeth474@gmail.com,(809) 381-9244,5.0,2026-12-15 00:00:00
6,Jennifer Williams,jenniferwilliams@yahoo.com,(283) 635-2409,4.1,2026-09-13 00:00:00
7,Andrew Lee,alee@gmail.com,(855) 416-8257,4.0,2022-08-15 00:00:00
8,Betty Flores,betty414@icloud.com,(257) 334-3464,4.3,2027-05-05 00:00:00
9,Adam Davis,adamdavis@gmail.com,(774) 526-9177,4.8,2024-04-30 00:00:00
10,Karen Thompson,karenthompson@outlook.com,(494) 211-1781,4.3,2027-08-16 00:00:00
11,Melissa Moore,melissa387@hotmail.com,(747) 294-3969,3.9,2026-02-28 00:00:00
12,William Robinson,wrobinson@gmail.com,(869) 937-6089,4.6,2024-07-14 00:00:00
13,Anthony Phillips,anthonyphillips@outlook.com,(503) 648-2312,4.1,2026-04-21 00:00:00
14,Ryan Young,ryan.young@yahoo.com,(688) 746-3085,3.5,2025-08-06 00:00:00
15,Betty Allen,ballen@icloud.com,(894) 894-8209,4.4,2026-04-02 00:00:00
16,Barbara Walker,barbara345@gmail.com,(911) 502-4166,4.0,2025-12-26 00:00:00
17,Patricia Mitchell,pmitchell@outlook.com,(872) 609-1059,4.5,2025-11-16 00:00:00
18,Mark Nguyen,mark.nguyen@yahoo.com,(723) 654-4363,4.0,2023-11-17 00:00:00
19,Margaret Evans,mevans@yahoo.com,(405) 956-1337,3.7,2025-03-23 00:00:00
20,Anthony Lee,anthony.lee@icloud.com,(506) 578-5836,3.7,2026-09-04 00:00:00
21,Barbara Edwards,bedwards@outlook.com,(657) 911-7373,4.3,2023-06-20 00:00:00
22,Nathan Green,nathan978@gmail.com,(674) 786-7269,4.7,2025-01-25 00:00:00
23,Linda Scott,lscott@outlook.com,(735) 215-2881,4.9,2027-02-27 00:00:00
24,Amanda Torres,amanda.torres@yahoo.com,(481) 848-1196,4.2,2027-12-24 00:00:00
25,Michelle Young,michelleyoung@yahoo.com,(723) 435-5786,4.4,2025-11-03 00:00:00
26,Mary King,mking@gmail.com,(319) 696-3815,4.3,2024-02-12 00:00:00
27,Sandra White,sandra.white@yahoo.com,(868) 747-2334,4.5,2025-12-19 00:00:00
28,Mark Parker,markparker@yahoo.com,(977) 725-7213,4.9,2022-05-16 00:00:00
29,Patricia Lewis,lewisp39@yahoo.com,(550) 840-8145,4.6,2022-08-05 00:00:00
30,Barbara Lee,barbaralee@yahoo.com,(948) 212-4786,4.2,2027-11-06 00:00:00
31,Laura Turner,lauraturner@yahoo.com,(365) 370-8273,4.2,2022-11-25 00:00:00
32,Sharon Thompson,sharon.thompson@yahoo.com,(507) 362-3174,3.6,2022-03-25 00:00:00
33,John Lopez,john830@gmail.com,(562) 367-6199,3.4,2022-06-15 00:00:00
34,Amanda Roberts,aroberts@hotmail.com,(761) 354-1303,4.3,2024-07-17 00:00:00
35,Dorothy Evans,evansd63@outlook.com,(255) 417-4961,4.4,2026-07-23 00:00:00
36,Margaret Taylor,margaret.taylor@gmail.com,(406) 334-3944,4.0,2022-04-28 00:00:00
37,Emily Brown,emilybrown@yahoo.com,(715) 605-8311,4.3,2022-05-26 00:00:00
38,Charles Taylor,charles603@gmail.com,(826) 293-7055,4.3,2027-05-13 00:00:00
39,Sophia Taylor,staylor@gmail.com,(377) 337-8789,4.6,2024-04-06 00:00:00
40,Nancy Thomas,nancy862@gmail.com,(888) 716-9900,3.9,2027-10-14 00:00:00
41,Charles Jackson,charlesjackson@outlook.com,(447) 456-6309,3.8,2022-10-24 00:00:00
42,Amanda Torres,amanda.torres@icloud.com,(263) 522-4106,4.6,2026-11-24 00:00:00
43,Richard Roberts,richard300@icloud.com,(502) 400-6972,4.3,2027-12-13 00:00:00
44,Mark Taylor,marktaylor@outlook.com,(466) 402-8412,4.2,2027-12-15 00:00:00
45,Joseph Johnson,josephjohnson@yahoo.com,(525) 584-5013,4.6,2026-01-09 00:00:00
46,Harper Anderson,harper.anderson@gmail.com,(427) 551-5192,3.9,2024-05-17 00:00:00
47,Charles Perez,charles.perez@outlook.com,(709) 633-7157,5.0,2026-02-23 00:00:00
48,Margaret Harris,margaret.harris@gmail.com,(265) 234-4599,4.8,2024-09-24 00:00:00
49,Sandra Harris,sandra636@hotmail.com,(881) 655-9552,4.0,2026-12-17 00:00:00
50,Robert Baker,robert.baker@outlook.com,(955) 218-5625,4.0,2023-05-15 00:00:00
51,Isabella Edwards,iedwards@outlook.com,(819) 910-9758,4.3,2024-08-21 00:00:00
52,Anthony Lopez,anthony.lopez@yahoo.com,(664) 960-9029,3.7,2025-02-19 00:00:00
53,Melissa Baker,melissa.baker@gmail.com,(396) 633-1290,4.5,2026-08-07 00:00:00
54,Robert Davis,robertdavis@gmail.com,(213) 640-5700,4.4,2023-03-14 00:00:00
55,Linda Wilson,linda839@aol.com,(969) 628-7326,4.2,2024-01-27 00:00:00
56,Matthew Jones,matthew276@gmail.com,(971) 480-3025,4.1,2023-10-11 00:00:00
57,William Evans,william620@yahoo.com,(422) 988-9218,4.6,2027-06-07 00:00:00
58,Donna King,donna259@yahoo.com,(490) 352-4118,4.6,2027-02-25 00:00:00
59,Amanda Nguyen,amandanguyen@yahoo.com,(348) 786-1005,4.2,2026-11-17 00:00:00
60,Melissa Parker,parkerm61@outlook.com,(632) 290-7975,4.2,2022-02-13 00:00:00
61,Kevin Miller,kevinmiller@hotmail.com,(317) 350-5224,4.6,2024-02-25 00:00:00
62,Donna Thomas,donnathomas@gmail.com,(531) 225-4571,4.5,2023-04-02 00:00:00
63,Emily Hall,emily.hall@gmail.com,(423) 556-3141,4.9,2025-12-02 00:00:00
64,David Phillips,phillipsd99@icloud.com,(413) 843-9570,4.2,2024-08-06 00:00:00
65,Zachary Campbell,campbellz30@gmail.com,(514) 221-1268,4.6,2027-12-27 00:00:00
66,Deborah Anderson,deborah.anderson@gmail.com,(889) 771-5798,4.8,2025-08-01 00:00:00
67,Rebecca Thomas,rebecca.thomas@outlook.com,(633) 403-3581,4.1,2025-11-06 00:00:00
68,David Thomas,dthomas@gmail.com,(581) 806-7182,5.0,2026-04-04 00:00:00
69,Margaret Miller,margaret941@gmail.com,(576) 599-6134,4.3,2022-01-19 00:00:00
70,Lisa Nelson,lisa128@aol.com,(617) 332-3209,4.5,2025-02-05 00:00:00
71,Steven Lopez,steven.lopez@yahoo.com,(736) 765-3102,4.0,2026-08-12 00:00:00
72,Margaret Lee,margaret.lee@hotmail.com,(230) 703-4743,4.2,2025-11-16 00:00:00
73,Emma Perez,emma68@gmail.com,(271) 563-3112,4.2,2027-02-02 00:00:00
74,Stephanie Collins,stephanie.collins@gmail.com,(941) 952-1255,4.3,2024-06-04 00:00:00
75,Eric Hernandez,ehernandez@yahoo.com,(821) 425-3550,4.2,2022-07-02 00:00:00
76,Justin Thomas,thomasj26@yahoo.com,(988) 939-1534,4.0,2022-03-27 00:00:00
77,Emily Brown,ebrown@outlook.com,(907) 232-6401,4.2,2023-09-05 00:00:00
78,Sharon Flores,sflores@icloud.com,(381) 724-5162,4.8,2024-12-17 00:00:00
79,Emma Garcia,emma399@icloud.com,(988) 231-5097,4.3,2023-12-06 00:00:00
80,Karen Thomas,karen.thomas@gmail.com,(506) 461-6273,4.3,2024-06-29 00:00:00
81,Tyler Lewis,tyler411@gmail.com,(675) 484-8886,4.5,2027-03-15 00:00:00
82,Michelle Parker,michelle647@yahoo.com,(715) 608-3512,4.6,2022-07-17 00:00:00
83,Brian Moore,bmoore@aol.com,(420) 920-2054,4.4,2025-09-07 00:00:00
84,Daniel Martin,danielmartin@outlook.com,(360) 450-7677,3.7,2026-05-03 00:00:00
85,Karen Clark,karen.clark@outlook.com,(946) 468-8171,4.8,2024-05-31 00:00:00
86,Melissa Nguyen,nguyenm33@aol.com,(810) 859-8119,4.6,2026-10-22 00:00:00
87,Michelle White,whitem31@icloud.com,(695) 654-8603,3.8,2023-07-11 00:00:00
88,Linda Wright,lwright@yahoo.com,(748) 657-8601,4.4,2025-05-13 00:00:00
89,Matthew Scott,mscott@gmail.com,(521) 261-4200,4.3,2026-11-21 00:00:00
90,Steven Davis,sdavis@icloud.com,(315) 329-4093,4.4,2022-01-02 00:00:00
91,Paul Martin,paul.martin@gmail.com,(239) 397-4599,5.0,2024-04-02 00:00:00
92,Susan Moore,susanmoore@yahoo.com,(560) 575-6681,4.1,2027-05-05 00:00:00
93,Melissa Jackson,mjackson@gmail.com,(609) 489-7042,4.2,2024-05-24 00:00:00
94,Melissa Thomas,mthomas@gmail.com,(860) 691-9098,4.2,2025-05-20 00:00:00
95,John Scott,scottj42@yahoo.com,(634) 928-7112,3.6,2022-04-26 00:00:00
96,James Thomas,james382@yahoo.com,(527) 961-5346,5.0,2025-01-09 00:00:00
97,Cynthia Taylor,cynthia618@hotmail.com,(273) 283-4312,4.5,2027-05-28 00:00:00
98,Mark Lewis,marklewis@hotmail.com,(335) 766-5115,4.3,2022-08-09 00:00:00
99,Tyler Taylor,tyler.taylor@hotmail.com,(952) 383-3776,4.1,2027-08-01 00:00:00
100,Robert Roberts,robert.roberts@gmail.com,(680) 348-1978,4.8,2025-12-19 00:00:00
101,Paul Lopez,lopezp55@gmail.com,(459) 641-2851,4.2,2024-10-14 00:00:00
102,Christopher Green,greenc10@outlook.com,(701) 593-6895,4.6,2025-07-21 00:00:00
103,Paul Carter,paulcarter@icloud.com,(401) 657-4714,4.5,2026-09-02 00:00:00
104,Dorothy Hill,dorothy39@aol.com,(302) 766-1624,3.8,2024-04-20 00:00:00
105,Jennifer Williams,jwilliams@gmail.com,(326) 276-2128,4.4,2022-12-25 00:00:00
106,Christopher Johnson,christopher741@outlook.com,(655) 594-1768,4.4,2023-12-15 00:00:00
107,Zachary Thomas,thomasz35@yahoo.com,(875) 514-1699,4.7,2025-06-27 00:00:00
108,Jessica Roberts,robertsj15@yahoo.com,(826) 678-2813,4.1,2024-08-22 00:00:00
109,Sandra Green,sandra.green@gmail.com,(406) 333-3805,4.1,2024-01-19 00:00:00
110,Zachary Jones,zachary.jones@outlook.com,(729) 986-9777,4.3,2024-05-05 00:00:00
111,Robert Turner,turnerr66@yahoo.com,(731) 651-3128,4.2,2024-11-05 00:00:00
112,Brian Flores,brianflores@outlook.com,(338) 269-2140,5.0,2023-03-22 00:00:00
113,Patricia Baker,patriciabaker@yahoo.com,(488) 594-4043,3.7,2022-03-09 00:00:00
114,Rebecca Baker,bakerr19@gmail.com,(964) 458-6918,4.7,2027-09-17 00:00:00
115,Steven Anderson,steven646@yahoo.com,(889) 448-4436,4.0,2026-03-07 00:00:00
116,Ashley White,whitea88@yahoo.com,(914) 786-3050,4.4,2027-05-31 00:00:00
117,Olivia White,owhite@icloud.com,(969) 229-9548,4.6,2025-05-31 00:00:00
118,Kevin White,kevin.white@outlook.com,(971) 330-9792,4.1,2026-04-01 00:00:00
119,Sandra Green,sgreen@outlook.com,(399) 359-1397,4.7,2026-03-04 00:00:00
120,Mia Miller,millerm23@hotmail.com,(880) 717-7536,3.7,2025-06-03 00:00:00
121,Charlotte Evans,evansc10@gmail.com,(450) 553-6305,3.7,2026-02-19 00:00:00
122,Anthony Phillips,anthony.phillips@outlook.com,(923) 491-4419,4.0,2024-09-26 00:00:00
123,Karen Adams,karen489@gmail.com,(937) 258-3891,4.5,2024-11-11 00:00:00
124,Susan Nelson,snelson@gmail.com,(905) 838-3401,3.8,2026-11-25 00:00:00
125,Susan Adams,susan.adams@gmail.com,(347) 437-9267,4.7,2027-06-23 00:00:00
126,Charles Jones,jonesc41@gmail.com,(773) 949-6410,4.5,2024-03-26 00:00:00
127,Justin Nelson,justinnelson@gmail.com,(693) 458-7123,4.3,2027-03-17 00:00:00
128,Laura Lewis,lewisl89@gmail.com,(732) 894-9750,4.0,2027-07-04 00:00:00
129,Robert King,kingr64@gmail.com,(691) 218-4072,4.3,2026-08-08 00:00:00
130,Sarah Jones,sjones@gmail.com,(520) 592-6851,4.5,2024-07-07 00:00:00
131,Thomas Nelson,tnelson@gmail.com,(210) 522-9793,4.5,2023-07-04 00:00:00
132,Carol Hernandez,carol.hernandez@gmail.com,(670) 578-7401,4.9,2025-04-26 00:00:00
133,Mary Johnson,johnsonm84@gmail.com,(496) 674-1592,5.0,2027-08-14 00:00:00
134,David Scott,david191@icloud.com,(536) 237-4165,3.9,2026-03-23 00:00:00
135,Sandra Adams,adamss82@yahoo.com,(710) 742-3516,4.0,2022-12-24 00:00:00
136,Jessica Taylor,jessica733@gmail.com,(312) 662-3382,4.5,2027-08-11 00:00:00
137,Joseph Edwards,jedwards@gmail.com,(855) 346-1348,4.5,2023-07-13 00:00:00
138,Betty White,bettywhite@gmail.com,(298) 728-9186,5.0,2025-06-25 00:00:00
139,Richard Turner,richardturner@gmail.com,(725) 208-6601,5.0,2026-11-04 00:00:00
140,Charlotte Allen,charlotte802@hotmail.com,(553) 791-3688,4.3,2022-10-03 00:00:00
141,Andrew Edwards,edwardsa14@gmail.com,(463) 351-2276,5.0,2025-03-30 00:00:00
142,Nancy Roberts,nancy.roberts@yahoo.com,(734) 308-5935,4.5,2026-11-26 00:00:00
143,Sophia Miller,sophiamiller@gmail.com,(533) 721-5242,5.0,2023-02-24 00:00:00
144,Justin Jones,jjones@outlook.com,(857) 927-9884,5.0,2025-11-09 00:00:00
145,Sandra Collins,sandra.collins@yahoo.com,(552) 723-8333,4.4,2024-07-25 00:00:00
146,Amelia Moore,amoore@outlook.com,(402) 710-6518,4.4,2023-12-22 00:00:00
147,Donna King,donna.king@icloud.com,(507) 511-2484,4.8,2024-09-10 00:00:00
148,Steven Nelson,steven53@outlook.com,(791) 399-3975,4.5,2025-10-21 00:00:00
149,Karen Campbell,karencampbell@gmail.com,(230) 641-8331,5.0,2025-08-21 00:00:00
150,Margaret Campbell,campbellm34@gmail.com,(453) 959-5487,4.6,2026-09-18 00:00:00
151,Karen Miller,karen.miller@outlook.com,(878) 607-3986,5.0,2022-07-16 00:00:00
152,Sarah Flores,floress21@outlook.com,(557) 652-7680,4.6,2024-10-20 00:00:00
153,Steven Thompson,sthompson@gmail.com,(702) 816-9520,3.4,2025-11-29 00:00:00
154,Sarah Parker,parkers99@gmail.com,(792) 947-7850,4.5,2024-06-02 00:00:00
155,Margaret King,margaret535@hotmail.com,(298) 504-1820,4.1,2025-03-24 00:00:00
156,Kimberly Allen,kimberlyallen@outlook.com,(610) 380-7402,4.6,2023-05-17 00:00:00
157,Matthew Wright,matthewwright@gmail.com,(235) 309-1959,3.7,2024-06-10 00:00:00
158,Michelle Torres,torresm39@gmail.com,(919) 539-7446,4.1,2024-11-27 00:00:00
159,Donald Miller,donaldmiller@hotmail.com,(349) 767-9726,4.4,2022-01-24 00:00:00
160,Sophia Moore,sophiamoore@gmail.com,(575) 546-5347,4.6,2022-04-16 00:00:00
161,Mark Jones,mark199@yahoo.com,(531) 495-7288,3.5,2024-02-15 00:00:00
162,Sandra Flores,sflores@yahoo.com,(831) 201-9177,4.9,2025-10-06 00:00:00
163,Anthony Lewis,alewis@yahoo.com,(592) 528-8386,4.6,2027-04-21 00:00:00
164,Justin Hernandez,justin602@gmail.com,(797) 876-3534,4.4,2023-05-09 00:00:00
165,Isabella Lopez,lopezi66@gmail.com,(200) 268-1108,5.0,2022-06-18 00:00:00
166,Richard Allen,allenr49@gmail.com,(326) 750-3380,4.4,2026-04-22 00:00:00
167,Ryan Davis,ryandavis@hotmail.com,(466) 238-2223,3.9,2022-01-04 00:00:00
168,Richard Hall,rhall@yahoo.com,(423) 908-4704,3.5,2025-08-15 00:00:00
169,Stephanie Roberts,robertss45@gmail.com,(885) 341-6871,4.3,2025-10-07 00:00:00
170,James King,kingj85@gmail.com,(314) 255-7431,4.4,2023-02-02 00:00:00
171,Sandra Taylor,sandra767@gmail.com,(258) 258-2882,4.1,2026-05-12 00:00:00
172,Amelia Carter,cartera91@yahoo.com,(356) 583-5945,4.9,2022-06-16 00:00:00
173,Dorothy Thomas,dorothy.thomas@gmail.com,(404) 899-4240,4.1,2025-01-25 00:00:00
174,Ashley Torres,ashley.torres@gmail.com,(624) 510-6315,3.9,2023-09-25 00:00:00
175,Michael Hall,michaelhall@yahoo.com,(500) 644-9641,4.0,2023-07-02 00:00:00
176,Adam Hill,adam.hill@gmail.com,(205) 311-5753,4.5,2026-07-04 00:00:00
177,Karen Evans,karenevans@yahoo.com,(629) 219-9269,3.9,2027-09-11 00:00:00
178,Amelia Lee,amelia.lee@gmail.com,(235) 719-6212,4.0,2024-01-18 00:00:00
179,John Harris,john930@gmail.com,(639) 296-4075,4.1,2024-01-22 00:00:00
180,Ava Lewis,alewis@gmail.com,(443) 905-3472,4.4,2026-09-04 00:00:00
181,Paul Johnson,pjohnson@outlook.com,(299) 798-4952,4.2,2024-11-13 00:00:00
182,Margaret Perez,perezm12@hotmail.com,(607) 452-2350,3.3,2024-09-05 00:00:00
183,Kevin Hernandez,kevinhernandez@gmail.com,(271) 584-4373,4.2,2026-12-09 00:00:00
184,Sharon Lewis,sharon.lewis@hotmail.com,(531) 223-8323,3.7,2025-09-08 00:00:00
185,Eric Clark,eclark@hotmail.com,(748) 270-3174,3.8,2025-02-01 00:00:00
186,Charles Jones,jonesc95@gmail.com,(826) 976-6638,4.5,2025-07-28 00:00:00
187,Joseph Clark,clarkj29@gmail.com,(368) 633-8710,4.7,2026-08-13 00:00:00
188,Barbara Lee,barbara716@outlook.com,(301) 418-8274,4.3,2022-08-07 00:00:00
189,Eric Parker,parkere83@icloud.com,(597) 225-5954,4.3,2026-04-28 00:00:00
190,Sharon Campbell,scampbell@gmail.com,(539) 215-4046,4.2,2026-09-20 00:00:00
191,Donna Robinson,drobinson@gmail.com,(522) 645-8169,4.5,2022-09-19 00:00:00
192,Patricia Flores,patricia965@yahoo.com,(352) 234-6311,5.0,2022-05-28 00:00:00
193,Lisa Hall,lisa.hall@gmail.com,(474) 839-5271,5.0,2023-08-17 00:00:00
194,Kevin Davis,davisk84@hotmail.com,(417) 604-9888,4.7,2025-05-11 00:00:00
195,John Wilson,john.wilson@hotmail.com,(692) 208-9468,4.1,2022-08-09 00:00:00
196,Linda Nelson,nelsonl45@gmail.com,(521) 522-3761,4.3,2023-01-31 00:00:00
197,Jessica Lopez,lopezj32@gmail.com,(399) 713-1847,3.7,2022-05-08 00:00:00
198,Amelia Anderson,amelia.anderson@outlook.com,(630) 229-9773,4.5,2023-01-16 00:00:00
199,Mark Clark,mark.clark@yahoo.com,(306) 697-4885,4.0,2027-03-11 00:00:00
200,Sarah Lewis,lewiss29@hotmail.com,(732) 430-3889,5.0,2025-04-26 00:00:00
201,Emma Carter,emma.carter@yahoo.com,(771) 409-4221,3.9,2025-11-29 00:00:00
202,Deborah Young,deborah.young@gmail.com,(292) 542-3923,3.8,2026-02-26 00:00:00
203,Charlotte Robinson,charlotte677@outlook.com,(360) 426-1880,3.9,2022-01-24 00:00:00
204,Barbara Nelson,barbara693@gmail.com,(860) 399-7501,3.7,2023-02-17 00:00:00
205,Olivia Lopez,olivia518@yahoo.com,(893) 461-4499,4.2,2025-10-23 00:00:00
206,Sarah Thompson,sarahthompson@gmail.com,(898) 697-9359,5.0,2024-08-12 00:00:00
207,Betty Robinson,brobinson@icloud.com,(340) 398-3380,5.0,2026-01-02 00:00:00
208,Harper Walker,walkerh69@yahoo.com,(661) 319-3835,3.9,2023-10-02 00:00:00
209,Ryan Lopez,ryan.lopez@gmail.com,(736) 787-8968,5.0,2026-11-28 00:00:00
210,Donald Adams,donald.adams@yahoo.com,(534) 459-6698,4.0,2023-08-15 00:00:00
211,Lisa Johnson,lisajohnson@outlook.com,(527) 653-9524,3.1,2025-11-22 00:00:00
212,Linda Carter,lcarter@outlook.com,(524) 493-3187,5.0,2026-07-21 00:00:00
213,James Allen,james.allen@gmail.com,(707) 806-7051,4.4,2027-11-28 00:00:00
214,Jennifer Davis,davisj33@gmail.com,(612) 288-3982,4.7,2026-05-03 00:00:00
215,Daniel Torres,dtorres@yahoo.com,(923) 730-9717,4.2,2025-03-03 00:00:00
216,Nathan Allen,nathanallen@gmail.com,(971) 742-2851,5.0,2027-03-05 00:00:00
217,Sarah Nguyen,sarah619@gmail.com,(499) 438-9647,5.0,2023-12-04 00:00:00
218,Emma Wright,emma.wright@icloud.com,(315) 611-2723,3.9,2024-10-15 00:00:00
219,Mary Walker,marywalker@yahoo.com,(849) 236-4398,4.1,2024-11-24 00:00:00
220,Olivia Garcia,oliviagarcia@gmail.com,(331) 470-5960,3.7,2024-05-14 00:00:00
221,Carol Brown,carol496@gmail.com,(785) 383-5426,5.0,2023-09-03 00:00:00
222,Justin Edwards,jedwards@yahoo.com,(897) 353-4880,4.2,2023-03-16 00:00:00
223,Ava Lopez,lopeza77@icloud.com,(246) 705-4242,4.0,2026-08-20 00:00:00
224,Michael Green,michael.green@hotmail.com,(663) 406-7738,4.2,2023-03-01 00:00:00
225,Eric Perez,eric.perez@gmail.com,(479) 699-6017,3.4,2025-02-24 00:00:00
226,Amanda Walker,walkera42@gmail.com,(241) 262-1856,4.6,2025-07-03 00:00:00
227,Dorothy Turner,dorothy.turner@outlook.com,(408) 930-1157,3.6,2023-07-05 00:00:00
228,Evelyn Campbell,evelyn.campbell@aol.com,(913) 628-9710,3.6,2024-07-02 00:00:00
229,Matthew Adams,matthew587@gmail.com,(348) 292-6996,4.9,2022-02-10 00:00:00
230,Charles Baker,charles598@outlook.com,(493) 566-9670,4.8,2027-12-21 00:00:00
231,Elizabeth King,eking@gmail.com,(902) 385-1330,5.0,2023-07-31 00:00:00
232,Adam Brown,adam.brown@gmail.com,(918) 305-4811,4.3,2027-08-05 00:00:00
233,Matthew Phillips,phillipsm99@gmail.com,(404) 320-9382,4.5,2025-12-23 00:00:00
234,Stephanie Turner,stephanieturner@outlook.com,(364) 777-3248,3.9,2026-10-27 00:00:00
235,Justin Green,justin.green@outlook.com,(299) 241-6447,4.2,2026-08-28 00:00:00
236,Donna Martin,donna.martin@gmail.com,(480) 294-8139,3.6,2027-02-26 00:00:00
237,Patricia Williams,williamsp33@yahoo.com,(266) 575-1176,5.0,2022-10-23 00:00:00
238,Brandon Roberts,broberts@gmail.com,(221) 296-1113,4.4,2024-08-03 00:00:00
239,Rebecca Mitchell,rebeccamitchell@gmail.com,(441) 523-4298,3.8,2026-08-31 00:00:00
240,Kevin Thomas,kevin.thomas@outlook.com,(378) 835-6707,4.4,2025-05-04 00:00:00
241,Sarah Jones,sjones@yahoo.com,(498) 325-1808,4.5,2024-05-20 00:00:00
242,Lisa Wright,lwright@outlook.com,(225) 276-3617,4.7,2022-01-30 00:00:00
243,Ashley Roberts,ashley.roberts@gmail.com,(805) 987-8263,4.3,2027-11-12 00:00:00
244,Joshua Edwards,joshua44@gmail.com,(470) 873-7835,4.4,2022-07-31 00:00:00
245,Sophia Harris,sharris@hotmail.com,(286) 984-6366,3.8,2024-02-10 00:00:00
246,Ryan Walker,ryan.walker@outlook.com,(976) 331-4684,4.5,2027-03-25 00:00:00
247,Nancy Mitchell,mitchelln78@gmail.com,(200) 258-4157,4.3,2024-03-07 00:00:00
248,Sandra Green,greens58@gmail.com,(910) 749-2764,4.9,2022-02-26 00:00:00
249,Sophia Campbell,campbells22@gmail.com,(806) 889-6141,4.0,2023-01-15 00:00:00
250,Sophia Turner,sophia874@yahoo.com,(859) 658-6156,5.0,2027-10-29 00:00:00
251,Kimberly Lopez,kimberly.lopez@outlook.com,(265) 242-1507,4.0,2026-03-12 00:00:00
252,Evelyn Parker,evelyn.parker@yahoo.com,(363) 209-7081,4.3,2026-11-21 00:00:00
253,Donna Parker,dparker@icloud.com,(614) 518-4526,5.0,2022-03-14 00:00:00
254,Lisa Collins,lisa82@gmail.com,(712) 932-9923,4.2,2022-03-25 00:00:00
255,Sandra Hernandez,sandra947@yahoo.com,(407) 900-9364,4.8,2024-01-12 00:00:00
256,Michelle Adams,madams@icloud.com,(739) 203-8846,5.0,2025-09-07 00:00:00
257,Elizabeth Wright,elizabeth.wright@aol.com,(932) 925-4830,4.2,2027-07-21 00:00:00
258,Brandon Lee,leeb76@hotmail.com,(433) 362-3586,4.3,2024-11-03 00:00:00
259,Stephanie Moore,smoore@gmail.com,(453) 692-9561,4.0,2026-01-20 00:00:00
260,Michelle Lopez,mlopez@hotmail.com,(910) 541-3813,5.0,2026-03-22 00:00:00
261,Thomas Collins,thomas755@yahoo.com,(524) 526-8074,4.8,2026-08-19 00:00:00
262,Kimberly Evans,kevans@gmail.com,(324) 219-2927,4.4,2026-02-19 00:00:00
263,Nancy Martin,martinn17@gmail.com,(671) 485-7117,4.8,2026-03-24 00:00:00
264,Steven Nguyen,snguyen@gmail.com,(828) 996-7674,4.0,2022-01-03 00:00:00
265,Steven Thomas,steven.thomas@icloud.com,(785) 507-6050,4.6,2027-12-23 00:00:00
266,Zachary Adams,zachary.adams@outlook.com,(909) 911-8174,5.0,2024-04-08 00:00:00
267,Zachary Moore,zachary615@gmail.com,(899) 312-8012,5.0,2022-10-30 00:00:00
268,Joshua Baker,joshua769@icloud.com,(931) 304-6552,5.0,2023-03-19 00:00:00
269,Evelyn Garcia,evelyn192@gmail.com,(832) 708-3520,5.0,2026-06-29 00:00:00
270,Adam Carter,adamcarter@yahoo.com,(812) 819-9523,4.0,2027-10-25 00:00:00
271,Isabella Jackson,isabella.jackson@yahoo.com,(575) 964-1747,4.4,2024-05-02 00:00:00
272,Laura Green,greenl66@yahoo.com,(998) 884-9113,4.2,2025-09-23 00:00:00
273,Mia Lopez,mia.lopez@gmail.com,(818) 601-3472,5.0,2025-11-01 00:00:00
274,Michelle Parker,parkerm19@yahoo.com,(541) 850-3377,5.0,2025-04-20 00:00:00
275,Paul Hill,hillp96@gmail.com,(209) 721-3564,4.9,2024-11-02 00:00:00
276,Eric Phillips,eric.phillips@gmail.com,(678) 309-5597,4.7,2027-09-21 00:00:00
277,Kimberly Anderson,kimberly.anderson@yahoo.com,(991) 908-1557,5.0,2022-06-05 00:00:00
278,Elizabeth Campbell,elizabethcampbell@gmail.com,(327) 480-3167,4.4,2025-07-30 00:00:00
279,Charles Carter,carterc92@yahoo.com,(635) 466-2734,4.7,2027-06-03 00:00:00
280,Amelia Moore,moorea55@icloud.com,(794) 933-7166,3.4,2023-11-28 00:00:00
281,Cynthia Adams,cadams@yahoo.com,(858) 791-7005,4.1,2022-09-17 00:00:00
282,Stephanie Nelson,stephanie.nelson@gmail.com,(360) 802-1688,4.0,2027-09-29 00:00:00
283,Michelle Thomas,michelle.thomas@outlook.com,(211) 564-9366,3.8,2026-12-01 00:00:00
284,Amanda Young,ayoung@yahoo.com,(522) 626-3489,4.6,2026-02-16 00:00:00
285,Ryan Davis,ryan.davis@gmail.com,(927) 923-7100,4.8,2025-06-05 00:00:00
286,Richard Jones,richardjones@gmail.com,(573) 650-6893,4.1,2027-08-18 00:00:00
287,Ryan Evans,evansr49@gmail.com,(744) 843-7615,4.3,2024-06-15 00:00:00
288,Karen Hill,karenhill@outlook.com,(556) 254-5267,4.9,2026-11-07 00:00:00
289,Susan Perez,susanperez@hotmail.com,(620) 236-1614,3.5,2024-06-14 00:00:00
290,Donald Hernandez,dhernandez@gmail.com,(666) 545-5211,4.1,2026-10-27 00:00:00
291,Ava Johnson,ajohnson@outlook.com,(738) 538-1829,4.4,2023-07-07 00:00:00
292,Carol Adams,carol.adams@gmail.com,(419) 419-5227,4.2,2026-06-05 00:00:00
293,Andrew Brown,andrewbrown@aol.com,(806) 713-3003,4.7,2024-11-08 00:00:00
294,Sandra Perez,perezs64@yahoo.com,(318) 265-5034,4.7,2023-05-02 00:00:00
295,Robert Roberts,rroberts@yahoo.com,(733) 666-2268,4.3,2027-05-05 00:00:00
296,Anthony Adams,anthonyadams@gmail.com,(740) 859-1134,4.7,2022-11-22 00:00:00
297,Carol Harris,carol420@gmail.com,(494) 995-5270,3.6,2025-11-18 00:00:00
298,Mark Anderson,andersonm94@gmail.com,(487) 558-9184,4.4,2026-07-13 00:00:00
299,Thomas Miller,thomasmiller@outlook.com,(774) 327-3444,4.0,2026-01-20 00:00:00
300,Mia Jackson,mia687@gmail.com,(870) 790-8931,4.4,2026-09-01 00:00:00
301,Sharon Carter,scarter@outlook.com,(391) 704-4292,5.0,2026-08-17 00:00:00
302,Paul Anderson,andersonp17@outlook.com,(709) 475-9521,3.9,2024-02-15 00:00:00
303,Charles Moore,moorec91@yahoo.com,(552) 608-3401,4.8,2024-08-15 00:00:00
304,Karen Taylor,karen995@gmail.com,(491) 380-8486,4.7,2025-01-15 00:00:00
305,Charlotte White,charlotte887@outlook.com,(295) 813-1472,4.4,2024-12-20 00:00:00
306,Barbara Garcia,barbara.garcia@gmail.com,(730) 934-7127,4.8,2025-08-28 00:00:00
307,Donna Thompson,donna457@gmail.com,(835) 792-7047,4.6,2024-12-18 00:00:00
308,Olivia Martin,olivia789@yahoo.com,(552) 795-7055,4.5,2025-07-19 00:00:00
309,Ava Campbell,ava229@yahoo.com,(284) 465-8631,4.1,2024-12-21 00:00:00
310,Sarah Allen,sarah36@yahoo.com,(634) 456-5883,5.0,2024-06-11 00:00:00
311,Linda Scott,lindascott@gmail.com,(641) 552-1836,3.4,2027-10-07 00:00:00
312,Charlotte Walker,charlottewalker@gmail.com,(592) 345-3232,4.5,2024-12-09 00:00:00
313,Emma Taylor,taylore12@icloud.com,(242) 557-8384,3.5,2023-04-05 00:00:00
314,Charlotte Turner,cturner@gmail.com,(848) 652-8458,4.4,2024-05-30 00:00:00
315,Donald Young,donald.young@gmail.com,(833) 614-4065,4.3,2026-12-09 00:00:00
316,Kevin Smith,kevin931@gmail.com,(459) 573-4819,4.9,2022-01-26 00:00:00
317,Jennifer Evans,jenniferevans@hotmail.com,(508) 861-2966,3.2,2027-05-17 00:00:00
318,Amelia Collins,collinsa38@yahoo.com,(875) 977-5259,3.8,2025-04-11 00:00:00
319,Patricia White,patriciawhite@outlook.com,(758) 539-7874,4.1,2027-10-17 00:00:00
320,Emily White,emily.white@yahoo.com,(597) 742-2474,4.0,2026-05-20 00:00:00
321,David Moore,moored94@hotmail.com,(429) 693-5505,4.0,2023-08-01 00:00:00
322,James Nguyen,james369@gmail.com,(924) 589-4751,4.1,2026-09-18 00:00:00
323,Michelle Jackson,michelle.jackson@outlook.com,(540) 719-5011,4.3,2027-08-22 00:00:00
324,Ava Parker,ava478@hotmail.com,(809) 580-2656,3.9,2024-06-24 00:00:00
325,Mary Edwards,medwards@yahoo.com,(877) 975-9745,4.6,2026-12-31 00:00:00
326,Andrew Green,agreen@gmail.com,(425) 800-9716,4.3,2022-04-03 00:00:00
327,Laura Thompson,thompsonl33@gmail.com,(881) 860-3846,3.7,2027-01-09 00:00:00
328,Deborah Johnson,djohnson@yahoo.com,(341) 873-3807,4.0,2023-09-23 00:00:00
329,Amanda White,amandawhite@hotmail.com,(697) 462-6718,4.1,2027-10-16 00:00:00
330,Donna Hill,hilld26@icloud.com,(986) 213-1427,4.1,2026-04-04 00:00:00
331,Matthew Roberts,matthew.roberts@hotmail.com,(376) 405-8754,4.1,2025-05-16 00:00:00
332,Patricia Torres,ptorres@hotmail.com,(600) 710-2339,4.1,2026-01-03 00:00:00
333,Barbara Jones,jonesb67@gmail.com,(614) 257-4995,3.6,2025-05-12 00:00:00
334,Sarah Hernandez,shernandez@gmail.com,(278) 260-9270,3.7,2023-02-08 00:00:00
335,Charles Hernandez,charles432@hotmail.com,(550) 612-8763,4.0,2024-09-27 00:00:00
336,William Smith,williamsmith@gmail.com,(793) 582-9622,4.6,2026-02-05 00:00:00
337,Evelyn Hall,ehall@gmail.com,(894) 511-3466,4.2,2026-06-03 00:00:00
338,David Thompson,david.thompson@yahoo.com,(516) 462-7577,4.3,2024-02-01 00:00:00
339,Anthony Edwards,edwardsa11@aol.com,(272) 282-9172,3.9,2022-03-18 00:00:00
340,Brian Lee,blee@hotmail.com,(367) 660-3139,4.1,2022-12-05 00:00:00
341,Emily Phillips,phillipse17@gmail.com,(650) 984-4939,4.3,2027-12-20 00:00:00
342,Thomas Smith,thomas.smith@outlook.com,(346) 497-7298,5.0,2024-08-23 00:00:00
343,Melissa Robinson,mrobinson@gmail.com,(358) 782-1293,3.8,2023-12-30 00:00:00
344,Justin Harris,harrisj60@aol.com,(604) 427-5514,4.3,2024-09-19 00:00:00
345,Ryan Wilson,ryan.wilson@gmail.com,(586) 285-3719,3.5,2024-07-10 00:00:00
346,Jessica Parker,jessicaparker@outlook.com,(410) 714-8635,4.5,2023-09-07 00:00:00
347,Paul Lewis,paullewis@hotmail.com,(732) 497-6905,4.1,2027-08-17 00:00:00
348,Evelyn Moore,evelyn245@gmail.com,(454) 764-5867,4.4,2022-10-26 00:00:00
349,Betty Roberts,broberts@yahoo.com,(858) 679-3997,3.7,2026-07-05 00:00:00
350,Olivia Campbell,olivia.campbell@gmail.com,(408) 486-3612,4.8,2023-07-27 00:00:00
351,Nathan Evans,nathanevans@icloud.com,(831) 842-3070,4.2,2027-07-07 00:00:00
352,Emma Perez,emmaperez@aol.com,(724) 981-4501,4.7,2023-03-26 00:00:00
353,Kimberly Thomas,kimberlythomas@yahoo.com,(745) 868-5167,3.5,2027-07-22 00:00:00
354,Rebecca Harris,harrisr62@gmail.com,(620) 942-3884,4.0,2027-11-09 00:00:00
355,Emily Lewis,emily.lewis@gmail.com,(619) 413-1527,3.8,2022-06-23 00:00:00
356,Linda Turner,lturner@hotmail.com,(630) 360-4283,4.6,2026-01-17 00:00:00
357,Nancy Brown,nancy.brown@gmail.com,(249) 995-3843,4.2,2025-12-02 00:00:00
358,Emily Harris,emily346@yahoo.com,(277) 632-2583,4.5,2025-05-12 00:00:00
359,Charlotte Collins,charlotte740@outlook.com,(396) 261-8359,4.1,2027-01-12 00:00:00
360,Isabella Nguyen,nguyeni48@gmail.com,(547) 695-6952,4.8,2027-07-01 00:00:00
361,Michelle Roberts,mroberts@gmail.com,(329) 448-5615,4.8,2025-06-14 00:00:00
362,Brandon White,brandon.white@gmail.com,(892) 479-2512,4.1,2023-02-17 00:00:00
363,Susan Collins,susan.collins@yahoo.com,(434) 607-2191,4.4,2023-08-23 00:00:00
364,Donald Walker,donald984@hotmail.com,(745) 558-2411,5.0,2027-06-23 00:00:00
365,Barbara Hernandez,barbara.hernandez@gmail.com,(698) 772-2095,4.2,2026-11-24 00:00:00
366,Isabella Evans,isabellaevans@yahoo.com,(423) 562-3985,4.7,2026-12-06 00:00:00
367,Sandra Baker,sandra900@gmail.com,(992) 601-3753,3.4,2026-04-11 00:00:00
368,Daniel White,daniel605@gmail.com,(709) 455-9676,4.2,2025-11-20 00:00:00
369,Elizabeth Hernandez,elizabeth.hernandez@gmail.com,(502) 211-3693,3.8,2024-07-11 00:00:00
370,Elizabeth Jackson,elizabethjackson@yahoo.com,(403) 331-5641,5.0,2025-09-17 00:00:00
371,Steven White,whites94@gmail.com,(551) 527-8475,4.1,2024-04-09 00:00:00
372,Adam Flores,adam443@gmail.com,(416) 856-6170,5.0,2026-04-02 00:00:00
373,Patricia Miller,millerp58@outlook.com,(464) 464-4457,4.6,2026-02-12 00:00:00
374,Ava Thomas,thomasa63@hotmail.com,(654) 347-1829,4.5,2023-07-23 00:00:00
375,Ashley Martin,ashley613@yahoo.com,(415) 357-4927,5.0,2022-01-14 00:00:00
376,Betty Jones,jonesb81@gmail.com,(241) 661-8425,5.0,2026-11-04 00:00:00
377,Laura Parker,laura14@hotmail.com,(396) 302-6447,5.0,2023-06-27 00:00:00
378,Isabella Smith,isabellasmith@icloud.com,(517) 361-3319,5.0,2027-11-20 00:00:00
379,Jennifer Jones,jennifer.jones@icloud.com,(439) 316-6102,4.0,2025-08-28 00:00:00
380,Emily Collins,emily.collins@gmail.com,(405) 472-2685,4.9,2026-09-29 00:00:00
381,Rebecca Lewis,rebecca343@gmail.com,(465) 252-2884,4.6,2026-07-14 00:00:00
382,Susan Hernandez,susan140@icloud.com,(398) 735-6163,4.4,2025-10-11 00:00:00
383,Thomas Perez,perezt80@yahoo.com,(363) 575-6315,4.1,2027-01-21 00:00:00
384,Amelia Lee,alee@hotmail.com,(625) 766-6347,4.9,2022-01-09 00:00:00
385,Tyler Edwards,tyler.edwards@outlook.com,(939) 495-2877,4.1,2025-03-30 00:00:00
386,Steven Clark,steven35@gmail.com,(737) 544-9865,5.0,2024-07-16 00:00:00
387,Patricia Jackson,jacksonp45@gmail.com,(653) 875-8502,4.3,2026-06-26 00:00:00
388,Patricia Nelson,patricianelson@gmail.com,(505) 782-4107,4.0,2025-01-27 00:00:00
389,Richard Moore,moorer95@yahoo.com,(315) 649-8295,3.4,2025-06-30 00:00:00
390,Joseph Nelson,nelsonj50@outlook.com,(960) 222-8287,4.3,2024-08-25 00:00:00
391,Brian Green,bgreen@yahoo.com,(351) 374-2230,4.7,2026-09-11 00:00:00
392,Jennifer Lopez,jennifer289@yahoo.com,(281) 331-7320,4.6,2023-12-20 00:00:00
393,Donald Young,donald.young@icloud.com,(970) 375-6788,4.3,2027-01-17 00:00:00
394,Sharon Baker,sharonbaker@yahoo.com,(778) 601-5347,3.1,2026-02-08 00:00:00
395,Amelia Young,amelia.young@outlook.com,(914) 476-9934,4.8,2026-01-01 00:00:00
396,Susan Clark,susan556@hotmail.com,(619) 860-6703,4.3,2023-04-01 00:00:00
397,Robert Harris,rharris@icloud.com,(231) 521-5741,3.1,2024-04-28 00:00:00
398,Deborah Perez,dperez@gmail.com,(645) 743-7645,4.1,2025-09-27 00:00:00
399,Kimberly Baker,kimberly553@gmail.com,(342) 403-3500,4.2,2024-11-10 00:00:00
400,Dorothy Walker,dwalker@gmail.com,(755) 694-2132,4.8,2025-11-12 00:00:00
401,Steven Lopez,steven217@yahoo.com,(681) 361-6965,4.8,2022-08-09 00:00:00
402,Betty Williams,betty617@gmail.com,(249) 316-5529,3.9,2022-04-04 00:00:00
403,Cynthia Robinson,cynthiarobinson@outlook.com,(328) 660-1749,4.1,2027-06-26 00:00:00
404,Amelia Clark,amelia.clark@gmail.com,(609) 559-4687,3.6,2024-11-27 00:00:00
405,Mary Garcia,mary.garcia@gmail.com,(385) 346-8271,3.9,2025-08-05 00:00:00
406,Charles Adams,charlesadams@gmail.com,(940) 980-5455,4.5,2027-01-19 00:00:00
407,Richard Perez,perezr36@outlook.com,(645) 384-1209,5.0,2026-08-23 00:00:00
408,Anthony Robinson,robinsona40@gmail.com,(424) 493-3950,4.6,2025-07-02 00:00:00
409,Barbara Allen,barbara.allen@gmail.com,(430) 412-9537,2.4,2025-03-24 00:00:00
410,Mark Miller,mark941@hotmail.com,(467) 306-2416,4.5,2027-03-14 00:00:00
411,Justin Hill,justin.hill@gmail.com,(534) 348-3340,4.9,2025-11-04 00:00:00
412,Steven Anderson,andersons21@aol.com,(817) 216-9441,4.7,2023-02-13 00:00:00
413,Daniel Robinson,danielrobinson@gmail.com,(697) 842-2834,5.0,2024-01-22 00:00:00
414,Christopher King,kingc40@gmail.com,(405) 482-6123,4.6,2026-08-15 00:00:00
415,Susan Hall,susanhall@gmail.com,(894) 459-2553,4.6,2022-01-09 00:00:00
416,James Lee,leej91@icloud.com,(718) 728-2770,5.0,2023-06-21 00:00:00
417,Jessica Lewis,jessicalewis@gmail.com,(737) 845-6962,4.8,2022-04-09 00:00:00
418,Emma Thompson,emma554@yahoo.com,(571) 968-2185,3.9,2026-05-04 00:00:00
419,Isabella Phillips,isabella940@gmail.com,(873) 880-9532,4.6,2026-01-30 00:00:00
420,Susan Anderson,susan.anderson@outlook.com,(949) 568-4760,4.2,2025-02-16 00:00:00
421,James Edwards,james.edwards@gmail.com,(369) 968-9875,4.5,2024-09-14 00:00:00
422,Margaret King,margaretking@yahoo.com,(568) 550-3938,4.8,2025-01-24 00:00:00
423,Linda Phillips,linda670@yahoo.com,(375) 386-2678,4.6,2027-04-08 00:00:00
424,Susan Walker,swalker@gmail.com,(296) 561-2666,4.8,2023-11-28 00:00:00
425,Joseph Martin,jmartin@gmail.com,(603) 353-6998,4.6,2024-07-02 00:00:00
426,Karen Phillips,karen120@gmail.com,(316) 522-2242,4.4,2027-11-14 00:00:00
427,Rebecca Flores,rebeccaflores@gmail.com,(785) 302-9643,4.7,2025-12-01 00:00:00
428,Barbara Parker,barbara598@gmail.com,(563) 454-7517,4.3,2027-02-24 00:00:00
429,James Moore,james.moore@gmail.com,(689) 450-6991,5.0,2027-12-17 00:00:00
430,Zachary Garcia,zachary349@icloud.com,(497) 230-7984,5.0,2024-03-14 00:00:00
431,Susan Young,syoung@gmail.com,(684) 581-9604,3.9,2023-10-23 00:00:00
432,Kevin Taylor,kevin.taylor@aol.com,(869) 527-5722,4.4,2024-09-13 00:00:00
433,Evelyn Adams,evelynadams@gmail.com,(855) 663-6050,3.1,2023-02-20 00:00:00
434,Kevin Edwards,kevin.edwards@gmail.com,(725) 283-8104,4.1,2026-06-27 00:00:00
435,Stephanie Miller,stephaniemiller@gmail.com,(813) 248-1065,4.1,2024-10-19 00:00:00
436,Jennifer White,jennifer.white@aol.com,(945) 711-3525,4.9,2027-06-03 00:00:00
437,Andrew Baker,andrewbaker@icloud.com,(248) 346-6446,4.2,2025-10-22 00:00:00
438,Betty Smith,betty809@gmail.com,(553) 854-2992,4.9,2027-09-12 00:00:00
439,Donna Lewis,donnalewis@gmail.com,(859) 228-2192,4.9,2027-10-22 00:00:00
440,Dorothy Miller,dorothymiller@hotmail.com,(677) 670-8729,3.9,2026-01-17 00:00:00
441,Michelle Clark,mclark@gmail.com,(981) 285-7182,5.0,2026-11-09 00:00:00
442,Ashley Robinson,ashley.robinson@yahoo.com,(360) 491-5957,4.2,2022-08-14 00:00:00
443,Charles Campbell,charlescampbell@yahoo.com,(879) 458-7576,4.1,2025-02-15 00:00:00
444,Melissa Jones,melissa679@yahoo.com,(733) 760-2373,4.6,2026-03-22 00:00:00
445,Karen Lee,karen270@outlook.com,(937) 261-1469,3.5,2025-04-13 00:00:00
446,Jennifer Turner,jturner@gmail.com,(499) 437-6751,3.8,2024-11-13 00:00:00
447,Barbara Parker,bparker@yahoo.com,(624) 454-4317,4.7,2026-10-17 00:00:00
448,Joshua Harris,joshua898@hotmail.com,(714) 994-6527,4.7,2023-05-12 00:00:00
449,Karen Lee,karen.lee@outlook.com,(513) 628-1450,4.3,2025-01-20 00:00:00
450,Patricia Torres,torresp91@gmail.com,(894) 535-8624,4.4,2026-11-19 00:00:00
451,John Mitchell,john.mitchell@gmail.com,(203) 735-8259,2.9,2026-02-09 00:00:00
452,Richard Mitchell,mitchellr56@gmail.com,(874) 819-3352,4.8,2024-07-13 00:00:00
453,Jessica Wilson,jessicawilson@yahoo.com,(655) 927-8735,4.2,2026-02-04 00:00:00
454,Steven Anderson,sanderson@gmail.com,(472) 813-4440,3.6,2024-02-01 00:00:00
455,Susan Clark,sclark@aol.com,(399) 782-3361,4.5,2022-05-27 00:00:00
456,Betty Campbell,betty.campbell@gmail.com,(558) 401-1469,4.4,2023-08-31 00:00:00
457,Ava Young,ava.young@gmail.com,(425) 839-1749,4.9,2024-02-08 00:00:00
458,Adam Jackson,adamjackson@aol.com,(351) 809-5553,4.9,2022-08-17 00:00:00
459,Harper Scott,hscott@yahoo.com,(981) 938-5858,4.2,2027-03-29 00:00:00
460,Lisa King,lisa660@gmail.com,(476) 702-2728,5.0,2024-09-14 00:00:00
461,Rebecca Nguyen,rebecca277@yahoo.com,(365) 387-3462,4.6,2022-04-25 00:00:00
462,Mark Phillips,markphillips@gmail.com,(560) 844-3964,3.9,2027-05-12 00:00:00
463,Mary Hall,mhall@gmail.com,(853) 529-1852,5.0,2026-04-02 00:00:00
464,Deborah Harris,harrisd99@gmail.com,(786) 292-9410,3.5,2022-04-18 00:00:00
465,Amanda Anderson,aanderson@gmail.com,(694) 378-9434,4.7,2024-06-14 00:00:00
466,Daniel Miller,millerd14@gmail.com,(734) 575-2475,4.2,2027-12-16 00:00:00
467,Margaret Allen,mallen@gmail.com,(332) 994-1321,5.0,2024-02-16 00:00:00
468,Charles Clark,cclark@icloud.com,(362) 933-8818,2.9,2024-12-06 00:00:00
469,Karen Phillips,karen.phillips@gmail.com,(362) 854-7772,4.1,2022-12-15 00:00:00
470,Linda Lopez,llopez@yahoo.com,(896) 974-7592,4.7,2024-01-23 00:00:00
471,Patricia Harris,pharris@gmail.com,(427) 974-9820,4.5,2023-09-15 00:00:00
472,Ryan Martin,martinr27@gmail.com,(755) 472-7624,3.3,2022-06-07 00:00:00
473,Karen Davis,karendavis@yahoo.com,(847) 942-5245,4.8,2024-03-29 00:00:00
474,Steven Anderson,andersons72@yahoo.com,(618) 516-4690,3.8,2024-04-20 00:00:00
475,Margaret Martin,margaret.martin@aol.com,(955) 491-3069,4.7,2027-11-10 00:00:00
476,Ryan Perez,ryan130@yahoo.com,(483) 883-7441,4.7,2023-03-18 00:00:00
477,Harper Mitchell,harper.mitchell@gmail.com,(837) 990-4887,4.6,2026-05-13 00:00:00
478,Tyler Evans,evanst98@yahoo.com,(484) 412-3151,3.6,2023-01-17 00:00:00
479,Mark Collins,mark681@gmail.com,(261) 687-6704,3.6,2026-02-01 00:00:00
480,Michael Parker,parkerm88@outlook.com,(537) 542-9788,4.1,2022-09-06 00:00:00
481,Brian Hernandez,brian.hernandez@yahoo.com,(495) 781-5765,4.5,2024-05-02 00:00:00
482,Carol Williams,carol.williams@gmail.com,(463) 441-7075,4.3,2027-06-10 00:00:00
483,Sandra Torres,torress27@icloud.com,(574) 250-1252,3.9,2023-07-30 00:00:00
484,Brandon Garcia,bgarcia@hotmail.com,(244) 227-7290,3.7,2026-10-26 00:00:00
485,Jennifer Taylor,jtaylor@outlook.com,(492) 580-1998,5.0,2027-08-31 00:00:00
486,Sarah Jackson,sarahjackson@hotmail.com,(887) 968-2313,4.5,2024-09-16 00:00:00
487,Rebecca Lewis,rebecca.lewis@gmail.com,(566) 650-4903,4.4,2025-01-29 00:00:00
488,Jennifer Wright,jwright@outlook.com,(481) 202-5978,4.3,2025-06-05 00:00:00
489,Lisa Adams,lisaadams@outlook.com,(628) 654-2582,5.0,2024-12-03 00:00:00
490,Karen Taylor,taylork85@gmail.com,(335) 492-1292,3.8,2024-10-10 00:00:00
491,Rebecca Torres,rebeccatorres@gmail.com,(469) 923-9993,3.6,2025-11-07 00:00:00
492,Deborah Martin,deborahmartin@icloud.com,(402) 826-9612,3.8,2026-06-13 00:00:00
493,Amanda Carter,acarter@gmail.com,(207) 540-8509,4.8,2026-08-27 00:00:00
494,Rebecca Harris,rebecca669@outlook.com,(810) 758-7508,3.8,2027-10-10 00:00:00
495,Barbara Phillips,barbaraphillips@gmail.com,(741) 890-4439,5.0,2026-05-22 00:00:00
496,Sandra Harris,sandra743@yahoo.com,(646) 447-3502,4.4,2022-03-03 00:00:00
497,Dorothy Wright,dwright@gmail.com,(797) 463-3223,4.6,2022-03-26 00:00:00
498,Cynthia Allen,cynthia.allen@yahoo.com,(212) 763-7420,3.9,2022-05-17 00:00:00
499,Daniel Turner,danielturner@gmail.com,(527) 293-1034,4.2,2022-02-17 00:00:00
500,Kevin Clark,kevinclark@yahoo.com,(286) 889-6886,4.3,2027-11-28 00:00:00
501,Brian Martin,brianmartin@gmail.com,(744) 647-6878,4.6,2025-03-26 00:00:00
502,Anthony Johnson,anthony616@yahoo.com,(221) 230-3548,4.7,2023-07-25 00:00:00
503,Olivia Wilson,owilson@gmail.com,(664) 674-9342,4.2,2027-06-16 00:00:00
504,Margaret Young,margaret.young@gmail.com,(522) 413-9142,4.5,2023-02-14 00:00:00
505,Sarah Turner,sarah.turner@yahoo.com,(256) 481-2714,4.7,2023-12-22 00:00:00
506,Charlotte Baker,bakerc44@gmail.com,(978) 358-8458,4.6,2023-09-20 00:00:00
507,Ashley Lewis,alewis@aol.com,(949) 504-2256,3.8,2023-01-02 00:00:00
508,Nathan Parker,nparker@gmail.com,(456) 463-8512,4.9,2022-12-04 00:00:00
509,Melissa Thompson,thompsonm67@gmail.com,(693) 993-6662,3.6,2022-06-26 00:00:00
510,Thomas Johnson,thomasjohnson@gmail.com,(437) 905-6148,4.3,2022-11-03 00:00:00
511,Charlotte Hernandez,hernandezc68@yahoo.com,(684) 396-5465,3.9,2024-02-01 00:00:00
512,Sandra White,whites76@gmail.com,(592) 434-3884,4.0,2022-09-22 00:00:00
513,Justin Williams,williamsj91@gmail.com,(781) 680-2078,4.7,2023-09-16 00:00:00
514,Ryan Turner,ryan.turner@gmail.com,(834) 484-7380,4.8,2022-10-01 00:00:00
515,Deborah Thompson,thompsond45@gmail.com,(934) 722-6802,4.2,2027-07-31 00:00:00
516,Ashley Robinson,ashley.robinson@gmail.com,(438) 641-9504,3.9,2026-12-05 00:00:00
517,Olivia Moore,olivia.moore@gmail.com,(857) 952-3964,5.0,2024-11-29 00:00:00
518,Jessica Baker,bakerj33@hotmail.com,(447) 683-4175,4.4,2024-08-14 00:00:00
519,Matthew Parker,mparker@gmail.com,(932) 286-2836,4.7,2024-07-02 00:00:00
520,Ava Lopez,lopeza34@outlook.com,(993) 416-9622,3.9,2022-03-06 00:00:00
521,Nancy Hall,halln47@gmail.com,(919) 735-6326,5.0,2023-04-13 00:00:00
522,Kimberly Nguyen,kimberly.nguyen@yahoo.com,(551) 544-6171,3.5,2027-08-17 00:00:00
523,Mark Anderson,andersonm33@gmail.com,(275) 751-6730,3.9,2022-01-10 00:00:00
524,Michelle Torres,mtorres@outlook.com,(523) 915-1868,3.9,2024-02-01 00:00:00
525,Melissa Jackson,jacksonm96@icloud.com,(280) 412-4481,4.9,2024-07-22 00:00:00
526,Christopher Baker,christopher150@yahoo.com,(498) 544-9465,3.8,2024-07-21 00:00:00
527,Charlotte Davis,davisc17@outlook.com,(433) 748-7707,3.7,2026-12-19 00:00:00
528,Cynthia Nelson,cynthia715@yahoo.com,(637) 484-7545,3.9,2026-10-23 00:00:00
529,Harper Green,harper180@gmail.com,(419) 852-2488,3.8,2025-05-27 00:00:00
530,James Adams,adamsj60@outlook.com,(342) 292-9850,4.2,2024-10-06 00:00:00
531,Mark Walker,mark483@outlook.com,(315) 641-6858,4.0,2025-03-20 00:00:00
532,Linda Jones,linda.jones@gmail.com,(756) 938-6399,4.0,2024-04-03 00:00:00
533,Brian Jackson,bjackson@gmail.com,(602) 573-4150,4.7,2026-03-17 00:00:00
534,Emma Parker,emma.parker@outlook.com,(593) 738-5537,3.9,2022-12-02 00:00:00
535,Sophia Nelson,sophianelson@gmail.com,(303) 444-5795,4.1,2022-03-12 00:00:00
536,Steven Carter,scarter@gmail.com,(492) 527-7589,3.7,2027-12-11 00:00:00
537,Charlotte Flores,floresc60@gmail.com,(974) 692-8124,3.7,2022-07-22 00:00:00
538,Joshua Carter,joshuacarter@yahoo.com,(792) 456-8197,4.7,2027-01-30 00:00:00
539,Susan Allen,sallen@outlook.com,(489) 616-6953,4.2,2027-05-06 00:00:00
540,Jessica Anderson,janderson@outlook.com,(383) 532-3373,4.5,2026-02-28 00:00:00
541,Amanda Campbell,amanda303@gmail.com,(970) 900-5056,3.9,2025-09-19 00:00:00
542,Mary Campbell,mary.campbell@outlook.com,(819) 283-6737,5.0,2025-08-22 00:00:00
543,John Hernandez,johnhernandez@yahoo.com,(892) 463-6272,4.3,2026-08-11 00:00:00
544,Nathan Carter,nathan.carter@gmail.com,(234) 972-6612,4.2,2023-10-28 00:00:00
545,Charlotte Parker,cparker@gmail.com,(598) 412-4804,4.1,2023-04-02 00:00:00
546,Michelle Hill,michelle.hill@outlook.com,(589) 332-8750,4.5,2022-10-10 00:00:00
547,James King,kingj27@aol.com,(551) 770-5092,5.0,2027-11-03 00:00:00
548,Kevin Thompson,kevin.thompson@gmail.com,(981) 835-1368,3.9,2022-08-28 00:00:00
549,Stephanie Baker,stephanie339@yahoo.com,(413) 911-2925,4.2,2022-01-22 00:00:00
550,Kimberly Thomas,kimberly.thomas@yahoo.com,(270) 575-6928,4.7,2024-11-22 00:00:00
551,Emma Scott,scotte53@gmail.com,(880) 217-6097,3.6,2027-01-29 00:00:00
552,Charlotte White,charlotte.white@yahoo.com,(519) 311-9707,4.3,2023-09-25 00:00:00
553,Steven Evans,sevans@gmail.com,(391) 482-9676,3.7,2022-05-27 00:00:00
554,Melissa Williams,williamsm49@gmail.com,(659) 880-4953,4.1,2027-01-10 00:00:00
555,Sharon Turner,sharonturner@hotmail.com,(612) 913-5417,4.3,2023-11-24 00:00:00
556,Charlotte Phillips,charlotte993@hotmail.com,(953) 751-7922,4.1,2023-10-03 00:00:00
557,Barbara Green,barbara.green@outlook.com,(270) 724-1378,5.0,2022-03-02 00:00:00
558,Karen Garcia,karen928@outlook.com,(785) 634-2663,4.1,2024-10-08 00:00:00
559,Sarah Phillips,sarah497@gmail.com,(395) 498-8623,4.7,2023-09-14 00:00:00
560,Olivia Young,olivia.young@gmail.com,(261) 655-3228,4.3,2022-09-20 00:00:00
561,Kimberly Lopez,klopez@aol.com,(984) 280-4809,3.9,2024-06-15 00:00:00
562,James Torres,torresj58@outlook.com,(755) 935-4956,3.3,2027-07-10 00:00:00
563,Elizabeth Thomas,thomase47@outlook.com,(631) 265-5368,3.9,2022-10-29 00:00:00
564,Harper Allen,harper.allen@gmail.com,(224) 870-8557,4.5,2027-05-07 00:00:00
565,Sandra Jones,sjones@icloud.com,(815) 510-6347,5.0,2023-02-24 00:00:00
566,James Brown,james.brown@aol.com,(261) 990-7062,3.7,2022-11-10 00:00:00
567,Christopher Wright,christopher.wright@gmail.com,(457) 889-2162,4.9,2026-02-27 00:00:00
568,Carol Robinson,robinsonc58@yahoo.com,(291) 635-8840,4.1,2027-12-25 00:00:00
569,Amanda Nelson,amandanelson@hotmail.com,(329) 309-9064,4.0,2026-02-06 00:00:00
570,Tyler Jackson,jacksont78@gmail.com,(502) 923-4471,4.0,2024-06-19 00:00:00
571,Evelyn Lee,evelyn730@gmail.com,(884) 282-7374,3.7,2027-06-30 00:00:00
572,Deborah Garcia,garciad81@gmail.com,(691) 642-3978,4.4,2025-12-11 00:00:00
573,Barbara Evans,barbara.evans@gmail.com,(508) 901-7622,4.3,2024-04-25 00:00:00
574,Jessica Taylor,jessica986@gmail.com,(548) 575-9541,4.5,2023-09-06 00:00:00
575,Adam Hill,ahill@yahoo.com,(742) 773-4357,4.8,2025-09-14 00:00:00
576,Justin Flores,justin416@gmail.com,(587) 958-9884,4.3,2023-02-17 00:00:00
577,Ashley Anderson,aanderson@outlook.com,(478) 529-4270,4.5,2026-02-01 00:00:00
578,Andrew Turner,andrew.turner@outlook.com,(279) 711-5227,4.7,2022-12-24 00:00:00
579,Ashley Roberts,ashley.roberts@outlook.com,(332) 523-9380,4.4,2027-10-25 00:00:00
580,Amelia Robinson,amelia666@gmail.com,(687) 317-7987,5.0,2022-03-20 00:00:00
581,Barbara Davis,bdavis@outlook.com,(589) 733-7760,4.5,2022-11-01 00:00:00
582,Nathan Roberts,robertsn61@yahoo.com,(417) 332-1669,5.0,2023-05-22 00:00:00
583,Christopher Wilson,christopher46@hotmail.com,(614) 595-6593,3.6,2024-07-29 00:00:00
584,Patricia Walker,pwalker@outlook.com,(274) 445-9114,3.4,2027-06-13 00:00:00
585,Amanda King,amandaking@gmail.com,(513) 266-6931,3.0,2024-05-05 00:00:00
586,Laura Thompson,laurathompson@outlook.com,(562) 863-5666,4.3,2022-10-22 00:00:00
587,Harper Edwards,harper.edwards@hotmail.com,(891) 266-4141,4.4,2025-10-27 00:00:00
588,Emily Taylor,emilytaylor@hotmail.com,(986) 972-3245,4.4,2026-10-22 00:00:00
589,Jennifer Brown,jennifer.brown@yahoo.com,(292) 562-4569,4.3,2022-07-19 00:00:00
590,Thomas Martin,thomasmartin@yahoo.com,(256) 758-6516,3.9,2023-08-01 00:00:00
591,Lisa Nguyen,lisanguyen@aol.com,(819) 492-2371,4.5,2024-06-30 00:00:00
592,Karen Carter,karencarter@gmail.com,(784) 764-5061,4.0,2023-04-30 00:00:00
593,Carol Young,carol.young@yahoo.com,(546) 598-3353,4.7,2027-09-12 00:00:00
594,Joshua Anderson,janderson@gmail.com,(923) 424-3774,4.2,2023-08-15 00:00:00
595,James Adams,james156@hotmail.com,(241) 246-4479,4.7,2023-08-17 00:00:00
596,Ashley Torres,ashley711@gmail.com,(780) 707-5306,4.6,2026-12-27 00:00:00
597,Emma Martin,emma512@gmail.com,(295) 800-3168,5.0,2027-08-22 00:00:00
598,Anthony Nelson,anthony.nelson@gmail.com,(623) 867-9471,4.2,2022-02-15 00:00:00
599,Isabella Jones,isabella802@gmail.com,(946) 434-5344,4.1,2025-02-17 00:00:00
600,Donald Smith,donald.smith@gmail.com,(754) 499-1991,4.8,2027-11-12 00:00:00
601,Sharon Walker,sharon234@icloud.com,(794) 958-9044,4.2,2022-12-28 00:00:00
602,William Garcia,william.garcia@gmail.com,(484) 724-6148,4.7,2027-03-15 00:00:00
603,Tyler Martin,tyler.martin@outlook.com,(897) 989-4077,4.6,2024-10-18 00:00:00
604,Nathan Hernandez,nathan995@gmail.com,(583) 450-4431,4.6,2027-06-22 00:00:00
605,Nathan King,nathan720@outlook.com,(315) 686-6823,4.1,2027-06-29 00:00:00
606,Adam Thomas,thomasa83@gmail.com,(739) 911-1845,4.7,2022-03-11 00:00:00
607,Dorothy Nguyen,dorothynguyen@outlook.com,(952) 634-1745,3.6,2022-12-01 00:00:00
608,Kimberly Walker,kimberlywalker@gmail.com,(643) 577-3911,3.6,2022-12-24 00:00:00
609,Michael Nguyen,michael.nguyen@outlook.com,(230) 622-6634,4.9,2025-12-01 00:00:00
610,Anthony Martin,amartin@yahoo.com,(333) 999-3014,4.5,2024-07-17 00:00:00
611,Olivia Smith,smitho80@gmail.com,(378) 643-7047,4.0,2024-02-29 00:00:00
612,Brian Jackson,brian811@gmail.com,(317) 205-1451,4.7,2027-04-01 00:00:00
613,Steven Brown,steven.brown@outlook.com,(606) 318-4504,4.5,2023-10-01 00:00:00
614,Amanda Lee,amandalee@yahoo.com,(576) 340-3789,4.0,2025-08-28 00:00:00
615,Harper Turner,hturner@gmail.com,(428) 274-9666,5.0,2022-09-03 00:00:00
616,Charlotte Johnson,cjohnson@yahoo.com,(273) 297-9904,3.3,2026-04-08 00:00:00
617,Matthew Garcia,matthew.garcia@icloud.com,(943) 400-4412,3.4,2026-07-05 00:00:00
618,Joshua Collins,joshua970@gmail.com,(329) 768-5034,5.0,2026-01-22 00:00:00
619,Lisa Perez,perezl72@gmail.com,(985) 757-3144,4.4,2023-11-23 00:00:00
620,David Wright,david501@hotmail.com,(667) 267-3952,4.7,2027-09-11 00:00:00
621,Matthew Thomas,thomasm24@icloud.com,(555) 916-1735,3.3,2024-10-20 00:00:00
622,Anthony Collins,anthony.collins@yahoo.com,(297) 846-5836,5.0,2022-08-16 00:00:00
623,Charlotte Smith,charlotte666@gmail.com,(860) 692-9538,5.0,2024-06-19 00:00:00
624,Justin Allen,justin459@hotmail.com,(359) 896-7047,4.1,2024-11-13 00:00:00
625,Kevin Martin,kevin803@gmail.com,(633) 780-8029,4.9,2027-12-06 00:00:00
626,Deborah Robinson,deborahrobinson@outlook.com,(733) 486-6443,4.0,2023-06-16 00:00:00
627,Daniel Edwards,danieledwards@gmail.com,(258) 332-2221,4.1,2026-10-26 00:00:00
628,Mark Lopez,mlopez@gmail.com,(719) 886-7665,4.3,2023-08-20 00:00:00
629,Michelle Campbell,campbellm15@hotmail.com,(991) 373-5015,4.3,2022-09-21 00:00:00
630,Elizabeth Smith,smithe56@outlook.com,(963) 302-2641,4.1,2025-12-06 00:00:00
631,Jennifer Taylor,jtaylor@gmail.com,(954) 372-9679,4.7,2026-04-24 00:00:00
632,Daniel Thompson,daniel602@gmail.com,(877) 873-9540,4.8,2024-05-06 00:00:00
633,Anthony Jones,anthony942@gmail.com,(451) 271-2167,4.0,2025-08-02 00:00:00
634,Jessica Jackson,jacksonj89@icloud.com,(212) 923-6017,2.9,2027-02-09 00:00:00
635,Mark Hill,mark.hill@gmail.com,(585) 570-3567,4.5,2023-10-08 00:00:00
636,Ava Evans,aevans@yahoo.com,(487) 335-3887,4.1,2025-10-26 00:00:00
637,Elizabeth Lewis,elizabeth143@outlook.com,(211) 505-2175,3.6,2026-09-22 00:00:00
638,Steven Lewis,lewiss17@gmail.com,(477) 726-8970,4.6,2022-06-20 00:00:00
639,Laura Wilson,wilsonl29@gmail.com,(578) 715-7861,4.1,2023-11-17 00:00:00
640,William Jones,william626@hotmail.com,(653) 633-1042,4.4,2024-08-10 00:00:00
641,James Flores,james984@yahoo.com,(215) 728-6662,4.3,2022-11-19 00:00:00
642,Melissa Turner,melissa.turner@gmail.com,(684) 627-5066,4.5,2024-02-26 00:00:00
643,Sandra Anderson,andersons31@gmail.com,(262) 546-3159,5.0,2027-08-25 00:00:00
644,Joseph Adams,joseph909@gmail.com,(370) 604-3740,3.2,2023-01-07 00:00:00
645,Daniel Clark,dclark@yahoo.com,(948) 674-3666,3.6,2023-05-06 00:00:00
646,Charles Taylor,charles972@gmail.com,(498) 414-9830,4.1,2023-04-27 00:00:00
647,Justin Moore,justin749@hotmail.com,(628) 826-4591,5.0,2027-07-13 00:00:00
648,Justin Hernandez,justinhernandez@gmail.com,(999) 634-3300,3.9,2026-03-01 00:00:00
649,Melissa Torres,mtorres@yahoo.com,(333) 538-3618,4.1,2026-03-13 00:00:00
650,Nancy Torres,nancytorres@outlook.com,(463) 591-4879,4.9,2025-09-20 00:00:00
651,Olivia Williams,williamso78@outlook.com,(483) 901-5432,5.0,2026-01-15 00:00:00
652,Joshua Adams,joshua.adams@gmail.com,(265) 499-2374,4.1,2026-06-10 00:00:00
653,Eric Carter,ecarter@aol.com,(649) 274-7109,3.7,2025-08-02 00:00:00
654,Justin Nguyen,justinnguyen@icloud.com,(734) 427-7365,5.0,2022-07-11 00:00:00
655,Anthony Phillips,phillipsa80@yahoo.com,(262) 398-1172,4.0,2027-04-20 00:00:00
656,Melissa Baker,mbaker@outlook.com,(786) 473-5966,4.6,2027-08-30 00:00:00
657,Charles Jones,charlesjones@gmail.com,(469) 759-8184,3.5,2025-10-30 00:00:00
658,Dorothy Collins,dorothy683@outlook.com,(721) 361-3893,4.1,2025-03-31 00:00:00
659,Matthew Smith,matthew401@hotmail.com,(961) 282-9634,4.6,2024-03-31 00:00:00
660,Emily Edwards,emily577@yahoo.com,(447) 376-8097,4.7,2026-10-09 00:00:00
661,Karen Collins,karencollins@gmail.com,(274) 883-9962,4.5,2024-04-16 00:00:00
662,Margaret Wright,mwright@gmail.com,(808) 769-5968,5.0,2027-08-03 00:00:00
663,Kimberly Torres,kimberly373@yahoo.com,(828) 357-7174,4.6,2023-09-27 00:00:00
664,Cynthia White,cynthia916@outlook.com,(958) 422-8162,4.8,2027-01-08 00:00:00
665,Emma Walker,emmawalker@yahoo.com,(308) 219-2974,4.0,2025-01-03 00:00:00
666,Adam Lee,leea31@gmail.com,(914) 316-8877,4.7,2022-08-15 00:00:00
667,Susan Edwards,susan585@outlook.com,(975) 715-2977,4.4,2025-08-09 00:00:00
668,Paul Green,paul.green@gmail.com,(724) 863-1291,4.0,2026-06-28 00:00:00
669,William Lee,william.lee@yahoo.com,(300) 806-8261,3.4,2023-11-03 00:00:00
670,Emma Jackson,emmajackson@yahoo.com,(706) 707-4491,3.9,2023-05-14 00:00:00
671,Cynthia Wilson,cynthia824@yahoo.com,(302) 893-4454,3.5,2024-10-05 00:00:00
672,Nathan Garcia,nathangarcia@gmail.com,(691) 686-9622,4.0,2022-04-19 00:00:00
673,Sharon Parker,parkers68@yahoo.com,(962) 674-6692,4.4,2025-06-28 00:00:00
674,Rebecca Baker,rebeccabaker@aol.com,(570) 885-3875,4.6,2025-01-29 00:00:00
675,Matthew Nelson,nelsonm36@gmail.com,(764) 746-4953,4.6,2026-10-13 00:00:00
676,Charles Wilson,charleswilson@outlook.com,(743) 236-9583,4.8,2025-11-23 00:00:00
677,Andrew Anderson,andrewanderson@gmail.com,(398) 403-1465,4.0,2024-10-01 00:00:00
678,Melissa White,whitem20@gmail.com,(523) 904-1634,4.6,2024-11-01 00:00:00
679,Nathan Flores,nathan518@gmail.com,(682) 814-4428,4.2,2027-07-23 00:00:00
680,Mary Garcia,marygarcia@yahoo.com,(623) 825-1555,4.6,2025-05-11 00:00:00
681,Joseph Baker,joseph.baker@gmail.com,(219) 874-5204,4.5,2022-11-22 00:00:00
682,Michelle Baker,michellebaker@gmail.com,(499) 649-4252,4.7,2022-12-25 00:00:00
683,Justin Smith,justin262@gmail.com,(507) 321-6477,4.2,2023-05-04 00:00:00
684,Elizabeth Hernandez,elizabethhernandez@outlook.com,(838) 344-9349,4.9,2023-04-16 00:00:00
685,Charlotte Brown,charlottebrown@icloud.com,(449) 391-4670,3.4,2027-04-05 00:00:00
686,Margaret Walker,margaret325@yahoo.com,(684) 763-7263,3.6,2026-02-02 00:00:00
687,Joseph Young,youngj44@gmail.com,(425) 944-2896,4.3,2024-06-24 00:00:00
688,Karen Thomas,karen101@gmail.com,(893) 653-6803,4.9,2025-01-21 00:00:00
689,Amanda Young,amanda.young@gmail.com,(603) 295-3425,3.7,2023-08-27 00:00:00
690,Kimberly Hill,kimberlyhill@gmail.com,(614) 775-8643,4.6,2026-07-16 00:00:00
691,Michael Collins,collinsm12@aol.com,(441) 972-7586,4.8,2026-10-12 00:00:00
692,Charles Walker,charles567@gmail.com,(504) 507-7296,4.9,2026-07-16 00:00:00
693,Evelyn Evans,evelyn.evans@aol.com,(271) 313-5882,4.5,2026-11-24 00:00:00
694,Joshua Turner,turnerj21@gmail.com,(573) 233-7875,4.2,2024-11-23 00:00:00
695,Barbara Harris,barbara.harris@outlook.com,(371) 431-2566,3.4,2026-09-28 00:00:00
696,Anthony Lewis,lewisa93@yahoo.com,(229) 692-2751,3.8,2023-03-22 00:00:00
697,Nancy King,kingn59@outlook.com,(770) 497-6271,4.5,2027-05-15 00:00:00
698,Sandra Flores,sandra.flores@gmail.com,(647) 558-8348,4.5,2024-08-28 00:00:00
699,Evelyn Carter,cartere82@hotmail.com,(490) 414-7480,4.7,2024-08-08 00:00:00
700,Daniel Edwards,edwardsd35@hotmail.com,(477) 463-4914,4.0,2025-07-18 00:00:00
701,Susan Nguyen,nguyens92@yahoo.com,(230) 271-2725,4.9,2027-07-23 00:00:00
702,Margaret Moore,margaret.moore@hotmail.com,(833) 672-2772,4.3,2027-05-04 00:00:00
703,Linda Thomas,linda.thomas@gmail.com,(844) 441-9843,4.4,2023-07-05 00:00:00
704,Margaret Johnson,margaret.johnson@outlook.com,(633) 996-6947,3.9,2024-05-20 00:00:00
705,Donna Jackson,donna.jackson@gmail.com,(562) 247-5152,3.3,2022-11-13 00:00:00
706,Donald Lewis,donald755@outlook.com,(826) 825-7973,4.4,2022-04-29 00:00:00
707,Cynthia Moore,moorec40@gmail.com,(683) 259-9440,4.2,2026-02-16 00:00:00
708,William Walker,walkerw34@gmail.com,(884) 428-1700,4.0,2022-09-01 00:00:00
709,Michelle Nguyen,nguyenm73@yahoo.com,(224) 883-2471,4.7,2027-12-11 00:00:00
710,Joshua Wright,joshua236@gmail.com,(261) 436-6283,4.2,2024-01-31 00:00:00
711,Emily Edwards,emilyedwards@yahoo.com,(580) 519-4781,3.8,2024-11-30 00:00:00
712,Karen Phillips,karenphillips@outlook.com,(770) 912-4876,4.9,2025-06-12 00:00:00
713,Eric Lee,ericlee@gmail.com,(225) 638-2707,4.5,2023-11-13 00:00:00
714,Justin Campbell,justincampbell@gmail.com,(958) 961-7136,3.9,2022-02-19 00:00:00
715,Emily Adams,eadams@gmail.com,(822) 597-4080,5.0,2022-07-18 00:00:00
716,Daniel Allen,allend50@gmail.com,(535) 951-3808,4.4,2026-01-26 00:00:00
717,Lisa Nguyen,nguyenl54@yahoo.com,(999) 683-3018,4.9,2025-06-08 00:00:00
718,Amanda Adams,adamsa15@gmail.com,(965) 624-8958,4.1,2023-03-18 00:00:00
719,Elizabeth Davis,davise99@gmail.com,(329) 724-7297,4.9,2027-07-28 00:00:00
720,Anthony Wright,awright@aol.com,(965) 218-2068,4.2,2024-02-28 00:00:00
721,Lisa Torres,lisatorres@aol.com,(386) 362-2669,4.3,2027-09-26 00:00:00
722,Nathan Moore,nathanmoore@icloud.com,(472) 625-2601,3.6,2025-05-01 00:00:00
723,Daniel Johnson,daniel88@gmail.com,(792) 873-2135,3.7,2022-06-15 00:00:00
724,Matthew Hill,matthewhill@yahoo.com,(337) 961-6228,4.6,2024-10-07 00:00:00
725,Karen Martin,karenmartin@outlook.com,(344) 396-7369,5.0,2025-09-13 00:00:00
726,Daniel Mitchell,dmitchell@gmail.com,(884) 813-1612,3.7,2025-09-11 00:00:00
727,Kimberly Baker,kbaker@yahoo.com,(377) 887-6105,3.4,2027-02-12 00:00:00
728,Karen Turner,karen.turner@outlook.com,(384) 538-5297,3.8,2025-11-11 00:00:00
729,Mark Adams,adamsm60@outlook.com,(306) 778-6345,3.8,2024-03-26 00:00:00
730,Deborah Campbell,deborah.campbell@gmail.com,(365) 226-7455,4.0,2022-05-09 00:00:00
731,Cynthia Collins,cynthia431@gmail.com,(753) 537-6838,4.1,2027-07-10 00:00:00
732,Anthony Williams,awilliams@yahoo.com,(682) 207-8783,4.1,2022-04-30 00:00:00
733,Jennifer Taylor,jennifer.taylor@hotmail.com,(901) 230-4825,5.0,2024-11-13 00:00:00
734,Anthony Baker,anthonybaker@outlook.com,(406) 624-1214,5.0,2025-09-16 00:00:00
735,Steven Turner,turners63@hotmail.com,(679) 940-2148,4.2,2022-10-22 00:00:00
736,Carol Campbell,ccampbell@yahoo.com,(303) 317-6627,4.2,2026-07-27 00:00:00
737,Joseph Campbell,joseph692@yahoo.com,(679) 671-3299,3.8,2023-07-18 00:00:00
738,Tyler Hall,tyler692@hotmail.com,(774) 921-4222,4.1,2022-03-04 00:00:00
739,Nathan Garcia,ngarcia@icloud.com,(669) 864-1713,3.6,2025-02-20 00:00:00
740,Linda Baker,lbaker@outlook.com,(531) 869-1920,4.5,2026-03-28 00:00:00
741,Amanda Miller,amanda.miller@gmail.com,(300) 396-9950,3.2,2027-07-01 00:00:00
742,Isabella Perez,perezi77@gmail.com,(290) 366-9933,4.3,2023-11-05 00:00:00
743,Kimberly Baker,kimberlybaker@outlook.com,(834) 806-5665,3.6,2027-10-20 00:00:00
744,Isabella Campbell,isabellacampbell@yahoo.com,(420) 218-3625,5.0,2022-07-09 00:00:00
745,Brian Young,youngb39@yahoo.com,(282) 482-4814,4.7,2024-09-23 00:00:00
746,Adam Wright,adam221@gmail.com,(735) 482-1512,3.6,2022-06-14 00:00:00
747,Tyler Johnson,tylerjohnson@outlook.com,(230) 370-8447,5.0,2022-01-30 00:00:00
748,Laura Adams,laura107@hotmail.com,(730) 287-1027,4.5,2025-03-11 00:00:00
749,Rebecca Davis,rebecca150@hotmail.com,(974) 593-2603,4.4,2023-09-04 00:00:00
750,Ashley Collins,collinsa44@gmail.com,(255) 467-8595,4.9,2023-11-17 00:00:00
751,Melissa Lee,melissa.lee@gmail.com,(753) 992-7324,4.3,2023-07-24 00:00:00
752,Adam Hernandez,adam629@hotmail.com,(445) 287-5467,4.7,2026-08-25 00:00:00
753,Joshua Clark,clarkj36@gmail.com,(505) 906-2468,3.8,2024-05-27 00:00:00
754,Ashley Hernandez,ashley.hernandez@icloud.com,(538) 912-4495,3.9,2024-03-17 00:00:00
755,Elizabeth Roberts,elizabethroberts@gmail.com,(605) 200-8276,3.7,2022-11-02 00:00:00
756,Andrew Smith,smitha78@gmail.com,(610) 873-8144,4.4,2022-03-02 00:00:00
757,Ryan Carter,ryan.carter@outlook.com,(604) 408-9396,4.6,2027-05-13 00:00:00
758,Justin Jackson,jjackson@hotmail.com,(986) 274-6743,4.2,2025-04-27 00:00:00
759,Margaret Adams,margaretadams@gmail.com,(397) 812-1411,3.3,2023-03-04 00:00:00
760,Amanda Robinson,amandarobinson@yahoo.com,(883) 890-9994,3.5,2023-11-09 00:00:00
761,Tyler Collins,tylercollins@outlook.com,(597) 789-8107,3.6,2023-06-10 00:00:00
762,Joshua Perez,jperez@gmail.com,(268) 616-4149,3.6,2027-04-04 00:00:00
763,Mary Carter,mary244@gmail.com,(955) 971-3407,3.8,2023-03-10 00:00:00
764,Sandra Parker,sandra.parker@outlook.com,(752) 375-5406,4.1,2026-03-06 00:00:00
765,Kevin Lewis,kevin.lewis@gmail.com,(227) 731-3635,3.8,2025-11-13 00:00:00
766,Anthony Walker,awalker@yahoo.com,(390) 359-2557,4.1,2027-09-28 00:00:00
767,Sandra Davis,daviss98@gmail.com,(277) 719-1331,5.0,2026-01-29 00:00:00
768,Amelia Martin,amelia.martin@hotmail.com,(733) 272-6471,4.9,2024-08-21 00:00:00
769,Melissa Davis,melissa.davis@yahoo.com,(243) 628-1196,5.0,2026-01-06 00:00:00
770,Sharon King,kings69@gmail.com,(684) 931-2366,4.2,2024-02-28 00:00:00
771,Justin Campbell,campbellj88@gmail.com,(443) 799-6339,4.2,2023-04-06 00:00:00
772,Linda Johnson,ljohnson@yahoo.com,(903) 351-8995,4.5,2025-04-21 00:00:00
773,Anthony Hall,ahall@gmail.com,(468) 399-6537,4.4,2022-09-17 00:00:00
774,Sarah Wilson,wilsons72@outlook.com,(849) 991-9963,3.5,2023-11-11 00:00:00
775,Kimberly Turner,turnerk65@gmail.com,(492) 999-6433,4.5,2027-02-11 00:00:00
776,Kevin Turner,kturner@outlook.com,(667) 556-1337,5.0,2026-06-14 00:00:00
777,Sandra Adams,sandraadams@yahoo.com,(801) 383-5171,4.1,2023-06-27 00:00:00
778,Lisa Williams,lisa.williams@outlook.com,(502) 529-4221,4.1,2025-08-20 00:00:00
779,Sophia Martin,martins96@gmail.com,(747) 342-7158,4.4,2023-10-16 00:00:00
780,John Anderson,johnanderson@outlook.com,(245) 676-6630,4.2,2026-05-05 00:00:00
781,Jennifer Wilson,jennifer.wilson@gmail.com,(733) 749-1219,4.1,2025-11-24 00:00:00
782,Daniel Thompson,danielthompson@yahoo.com,(394) 966-7879,4.8,2024-08-18 00:00:00
783,Amelia Roberts,aroberts@yahoo.com,(228) 975-8766,4.6,2022-10-28 00:00:00
784,Amanda Baker,amanda795@gmail.com,(899) 374-8845,4.5,2025-12-03 00:00:00
785,Kimberly Clark,kimberly.clark@icloud.com,(603) 377-5602,4.4,2024-05-08 00:00:00
786,Stephanie Allen,stephanieallen@yahoo.com,(266) 554-4877,4.6,2023-02-02 00:00:00
787,Eric Thompson,eric.thompson@gmail.com,(501) 689-5175,3.9,2024-07-07 00:00:00
788,Michelle Thompson,mthompson@gmail.com,(603) 991-6172,3.7,2027-05-05 00:00:00
789,Brandon Johnson,bjohnson@hotmail.com,(428) 674-6720,4.9,2026-02-25 00:00:00
790,Sharon Roberts,sharon712@gmail.com,(576) 639-1534,4.9,2025-09-09 00:00:00
791,Cynthia Jackson,cjackson@gmail.com,(988) 794-9450,4.1,2026-10-18 00:00:00
792,Ryan Wilson,wilsonr34@icloud.com,(949) 518-3161,4.2,2027-06-06 00:00:00
793,Elizabeth Baker,elizabeth506@icloud.com,(884) 981-2207,3.9,2023-04-13 00:00:00
794,Joshua Williams,williamsj99@yahoo.com,(804) 817-4614,3.3,2027-07-07 00:00:00
795,Lisa Edwards,edwardsl36@yahoo.com,(419) 596-1759,3.8,2027-09-28 00:00:00
796,Patricia Turner,patricia518@yahoo.com,(348) 764-3413,3.9,2026-11-16 00:00:00
797,Donna Davis,donna.davis@gmail.com,(303) 464-6851,4.8,2025-06-12 00:00:00
798,Evelyn Torres,evelyn287@gmail.com,(723) 848-1267,4.6,2023-01-28 00:00:00
799,John Baker,john.baker@gmail.com,(671) 767-4665,4.1,2022-04-21 00:00:00
800,Christopher Green,christopher.green@gmail.com,(966) 979-4655,4.4,2024-02-10 00:00:00
801,Sharon Phillips,sharonphillips@gmail.com,(721) 341-7251,5.0,2027-05-08 00:00:00
802,Emily Nelson,emilynelson@outlook.com,(235) 399-9971,3.6,2025-08-08 00:00:00
803,Deborah Jones,deborah.jones@yahoo.com,(569) 378-9672,3.9,2026-12-10 00:00:00
804,David Mitchell,mitchelld33@gmail.com,(805) 621-7407,4.8,2024-11-18 00:00:00
805,Susan Brown,browns14@gmail.com,(934) 489-5415,3.8,2023-12-26 00:00:00
806,Joshua Mitchell,joshua.mitchell@outlook.com,(441) 531-7889,4.1,2022-11-10 00:00:00
807,Carol Baker,carol.baker@yahoo.com,(205) 862-4623,5.0,2027-03-03 00:00:00
808,Isabella Parker,isabella389@gmail.com,(991) 454-7057,3.7,2027-08-20 00:00:00
809,Ryan Hall,ryan161@yahoo.com,(244) 935-3935,4.9,2025-11-26 00:00:00
810,Evelyn Allen,allene71@gmail.com,(739) 330-5397,4.9,2025-06-24 00:00:00
811,Matthew King,matthew420@yahoo.com,(958) 417-1345,4.0,2024-04-06 00:00:00
812,Andrew Hernandez,andrewhernandez@gmail.com,(698) 830-9944,3.9,2027-04-15 00:00:00
813,Anthony Hernandez,ahernandez@gmail.com,(354) 381-2547,4.1,2026-11-11 00:00:00
814,Harper Williams,harper.williams@hotmail.com,(980) 928-2181,4.0,2023-10-05 00:00:00
815,William Nguyen,wnguyen@gmail.com,(416) 497-3198,4.0,2027-05-27 00:00:00
816,Deborah Thomas,deborahthomas@outlook.com,(907) 808-7503,4.5,2027-03-05 00:00:00
817,Kimberly Williams,kimberly.williams@gmail.com,(214) 333-5420,4.2,2023-05-18 00:00:00
818,Lisa Torres,ltorres@yahoo.com,(548) 826-3429,4.2,2023-01-26 00:00:00
819,Ryan White,ryan151@gmail.com,(241) 774-9126,4.8,2025-06-01 00:00:00
820,Dorothy Lee,dorothy.lee@yahoo.com,(806) 763-3350,5.0,2023-06-26 00:00:00
821,Deborah Wright,deborah771@yahoo.com,(422) 756-9131,4.0,2024-01-17 00:00:00
822,Joshua Walker,joshua40@yahoo.com,(682) 933-6636,4.6,2024-07-14 00:00:00
823,Carol Edwards,caroledwards@gmail.com,(853) 416-9983,4.1,2026-07-27 00:00:00
824,Patricia Scott,patricia.scott@gmail.com,(745) 734-3959,4.0,2026-02-17 00:00:00
825,Stephanie Nelson,stephanie818@icloud.com,(470) 301-6813,4.0,2026-12-16 00:00:00
826,Isabella Nelson,isabella414@gmail.com,(524) 981-5564,4.5,2024-11-17 00:00:00
827,Donna Wilson,donna964@hotmail.com,(954) 409-3227,4.2,2023-06-07 00:00:00
828,Michael Johnson,michael92@gmail.com,(722) 244-5531,4.0,2026-02-23 00:00:00
829,Adam Collins,acollins@gmail.com,(301) 953-7283,4.4,2027-01-19 00:00:00
830,Cynthia Hill,cynthiahill@outlook.com,(278) 296-8934,5.0,2022-04-28 00:00:00
831,Deborah Harris,dharris@icloud.com,(900) 344-1688,3.9,2027-02-02 00:00:00
832,Patricia Roberts,patricia932@icloud.com,(827) 441-1803,4.1,2022-11-27 00:00:00
833,Carol Smith,carol.smith@gmail.com,(860) 735-1196,3.2,2025-10-01 00:00:00
834,Mary Nguyen,mnguyen@outlook.com,(557) 347-8887,3.1,2026-12-02 00:00:00
835,Anthony Robinson,arobinson@gmail.com,(630) 234-5109,4.4,2023-01-15 00:00:00
836,William Scott,william936@gmail.com,(306) 886-4058,4.7,2026-05-26 00:00:00
837,Dorothy Taylor,dorothy.taylor@gmail.com,(674) 820-2227,4.2,2027-08-04 00:00:00
838,Steven Harris,steven.harris@hotmail.com,(375) 725-5571,4.0,2022-12-14 00:00:00
839,William Taylor,wtaylor@yahoo.com,(941) 886-1699,4.3,2024-04-18 00:00:00
840,Justin Thomas,justin11@gmail.com,(579) 653-1818,4.3,2024-07-11 00:00:00
841,Donna Parker,dparker@gmail.com,(760) 460-2512,5.0,2022-05-08 00:00:00
842,Sharon Torres,torress50@hotmail.com,(524) 202-7016,3.9,2024-03-31 00:00:00
843,Brian Lopez,brianlopez@gmail.com,(850) 810-8072,3.5,2022-10-25 00:00:00
844,Nancy Edwards,nedwards@yahoo.com,(463) 398-5999,4.7,2027-07-20 00:00:00
845,Jessica Collins,jessica.collins@outlook.com,(439) 397-5861,3.8,2023-09-20 00:00:00
846,Susan Hill,susan798@outlook.com,(322) 470-5763,5.0,2023-09-13 00:00:00
847,Amelia Edwards,amelia211@icloud.com,(929) 696-8596,3.5,2023-06-06 00:00:00
848,David Edwards,davidedwards@hotmail.com,(680) 827-6689,4.8,2026-10-12 00:00:00
849,Matthew Brown,matthew105@gmail.com,(507) 660-6165,4.4,2023-12-17 00:00:00
850,Andrew Miller,andrewmiller@outlook.com,(463) 746-9039,4.5,2024-02-29 00:00:00
851,James Turner,james945@gmail.com,(964) 967-1107,4.7,2027-09-22 00:00:00
852,Amanda Hall,ahall@icloud.com,(963) 301-9072,4.8,2023-06-06 00:00:00
853,Linda Parker,parkerl11@gmail.com,(541) 787-3816,4.3,2026-01-23 00:00:00
854,Mark Smith,mark817@gmail.com,(572) 490-6930,4.4,2025-10-22 00:00:00
855,Dorothy Lewis,dorothylewis@gmail.com,(828) 494-3159,4.2,2026-12-27 00:00:00
856,Mark White,whitem25@gmail.com,(739) 712-7223,5.0,2022-12-21 00:00:00
857,Mark Hall,markhall@hotmail.com,(478) 474-9403,4.2,2026-11-13 00:00:00
858,Matthew Scott,matthew439@gmail.com,(916) 792-6170,4.3,2024-04-02 00:00:00
859,William Nelson,williamnelson@hotmail.com,(315) 686-7554,4.8,2025-05-21 00:00:00
860,Dorothy Moore,dorothy.moore@gmail.com,(325) 787-2378,3.7,2024-09-17 00:00:00
861,Paul Allen,paulallen@gmail.com,(467) 316-5793,4.8,2022-04-14 00:00:00
862,Sandra Hall,sandra538@gmail.com,(898) 405-9491,4.2,2022-09-26 00:00:00
863,Margaret Smith,msmith@hotmail.com,(587) 282-4958,5.0,2022-04-10 00:00:00
864,Dorothy Perez,dorothy.perez@gmail.com,(243) 542-9053,5.0,2024-07-09 00:00:00
865,Susan Jackson,susanjackson@yahoo.com,(235) 243-5542,4.2,2027-12-31 00:00:00
866,Barbara Martin,barbara917@gmail.com,(651) 380-5861,4.1,2025-01-03 00:00:00
867,Thomas Harris,thomas.harris@gmail.com,(637) 947-3826,5.0,2023-06-06 00:00:00
868,Joseph Collins,collinsj16@gmail.com,(566) 741-4179,4.4,2022-07-11 00:00:00
869,Patricia Torres,torresp98@yahoo.com,(508) 593-4657,4.7,2024-04-10 00:00:00
870,Mia Lopez,lopezm59@yahoo.com,(423) 481-3712,4.2,2022-07-27 00:00:00
871,Margaret Williams,williamsm65@gmail.com,(966) 434-9882,4.2,2027-11-30 00:00:00
872,Eric Walker,eric.walker@gmail.com,(918) 834-8994,4.6,2024-04-09 00:00:00
873,Anthony Walker,awalker@gmail.com,(667) 455-5315,4.5,2022-08-25 00:00:00
874,Adam Jones,adam.jones@yahoo.com,(410) 767-9243,4.8,2023-02-18 00:00:00
875,Charlotte Lopez,lopezc51@aol.com,(323) 807-5452,4.3,2022-02-23 00:00:00
876,Margaret Collins,margaret.collins@yahoo.com,(773) 715-6372,3.1,2024-07-26 00:00:00
877,Robert Johnson,robert430@yahoo.com,(404) 864-1306,3.6,2026-12-27 00:00:00
878,Sharon Walker,walkers25@gmail.com,(267) 405-6474,5.0,2023-01-02 00:00:00
879,Paul Brown,pbrown@gmail.com,(918) 671-8020,3.6,2024-07-13 00:00:00
880,Kevin Miller,kevinmiller@yahoo.com,(415) 206-5500,4.7,2025-07-06 00:00:00
881,Justin Harris,harrisj60@gmail.com,(419) 443-9113,5.0,2023-06-30 00:00:00
882,Stephanie Smith,smiths70@hotmail.com,(435) 234-6210,4.5,2027-06-12 00:00:00
883,Cynthia Parker,cynthia563@yahoo.com,(624) 949-4434,5.0,2026-10-15 00:00:00
884,Eric Smith,smithe87@gmail.com,(507) 525-8204,3.1,2023-03-02 00:00:00
885,Sarah Wilson,swilson@gmail.com,(232) 817-1355,4.1,2026-01-27 00:00:00
886,Ashley Hill,ashleyhill@icloud.com,(296) 494-6363,4.9,2027-10-11 00:00:00
887,Joseph Baker,josephbaker@gmail.com,(201) 779-8366,4.9,2026-06-02 00:00:00
888,Harper Harris,hharris@gmail.com,(768) 202-7314,3.5,2027-07-27 00:00:00
889,Donna Nguyen,donna902@gmail.com,(377) 972-1219,5.0,2025-11-24 00:00:00
890,Jessica Green,greenj41@gmail.com,(591) 491-1900,3.8,2024-12-26 00:00:00
891,Linda Smith,smithl62@icloud.com,(978) 887-1287,5.0,2026-09-21 00:00:00
892,Charlotte Nguyen,charlottenguyen@yahoo.com,(456) 884-5646,4.6,2027-11-30 00:00:00
893,Donald Taylor,dtaylor@gmail.com,(816) 711-2926,3.6,2025-08-17 00:00:00
894,Joseph Thompson,josephthompson@gmail.com,(915) 369-4625,5.0,2025-09-03 00:00:00
895,Linda Parker,linda568@outlook.com,(965) 857-5290,3.6,2023-03-08 00:00:00
896,Mark Carter,markcarter@icloud.com,(368) 909-7782,3.8,2027-10-06 00:00:00
897,Sharon Thompson,sharon.thompson@hotmail.com,(532) 720-1288,4.3,2025-02-15 00:00:00
898,Emma Baker,emma218@gmail.com,(383) 954-5887,3.7,2025-04-03 00:00:00
899,Mark Young,markyoung@gmail.com,(638) 866-3634,4.2,2024-12-19 00:00:00
900,Harper Wilson,harper512@gmail.com,(876) 565-5430,4.4,2024-11-24 00:00:00
901,Amelia Edwards,aedwards@yahoo.com,(895) 425-7579,3.9,2027-04-21 00:00:00
902,John White,johnwhite@yahoo.com,(273) 827-7060,4.3,2026-10-26 00:00:00
903,Steven Anderson,steven.anderson@yahoo.com,(247) 470-6910,4.8,2022-05-04 00:00:00
904,Carol Nelson,cnelson@icloud.com,(570) 967-4271,3.2,2026-06-24 00:00:00
905,Sandra Carter,sandra.carter@outlook.com,(963) 717-8794,4.3,2026-05-21 00:00:00
906,Zachary Hill,hillz64@yahoo.com,(939) 344-3320,3.7,2027-08-21 00:00:00
907,Brandon Green,bgreen@aol.com,(311) 864-4261,5.0,2024-08-11 00:00:00
908,Sophia Johnson,sophiajohnson@outlook.com,(799) 953-4582,4.6,2025-04-28 00:00:00
909,Sarah Moore,moores43@gmail.com,(879) 676-6096,4.1,2027-05-27 00:00:00
910,Olivia Lee,olivia.lee@yahoo.com,(805) 956-6076,2.7,2024-06-02 00:00:00
911,Deborah Hernandez,deborah.hernandez@gmail.com,(773) 669-4275,4.5,2026-07-14 00:00:00
912,Isabella Moore,moorei73@gmail.com,(679) 337-5568,4.8,2026-02-19 00:00:00
913,Isabella Hall,isabellahall@gmail.com,(770) 438-2507,4.6,2027-07-12 00:00:00
914,Joseph Adams,joseph126@gmail.com,(842) 819-5720,4.2,2025-10-26 00:00:00
915,Olivia Thompson,olivia.thompson@gmail.com,(648) 259-4682,4.3,2026-04-07 00:00:00
916,David Collins,davidcollins@gmail.com,(359) 642-6019,4.6,2027-02-20 00:00:00
917,Donna Wilson,donna794@hotmail.com,(229) 564-6839,4.2,2026-04-28 00:00:00
918,Ashley Hernandez,ashleyhernandez@outlook.com,(339) 725-6560,3.5,2023-10-05 00:00:00
919,Ashley Evans,ashley.evans@gmail.com,(637) 329-3655,3.9,2025-03-27 00:00:00
920,Kevin Hill,hillk97@gmail.com,(660) 543-6265,4.8,2025-11-12 00:00:00
921,Andrew Torres,atorres@gmail.com,(732) 559-8967,4.4,2026-11-09 00:00:00
922,Linda Allen,lindaallen@gmail.com,(493) 733-9585,4.4,2024-03-31 00:00:00
923,Mark Martin,mark.martin@icloud.com,(376) 686-6419,4.5,2024-05-15 00:00:00
924,Betty Jones,betty.jones@icloud.com,(704) 766-2335,4.4,2025-02-02 00:00:00
925,Ava Williams,williamsa22@gmail.com,(946) 300-6091,4.0,2025-04-22 00:00:00
926,Christopher Allen,callen@outlook.com,(900) 324-6917,3.1,2025-10-30 00:00:00
927,Mary Mitchell,mitchellm76@outlook.com,(625) 615-1049,4.3,2024-03-18 00:00:00
928,Joshua Green,jgreen@hotmail.com,(693) 319-9855,3.8,2026-12-16 00:00:00
929,Barbara Lee,barbara750@hotmail.com,(361) 756-4691,4.9,2027-01-11 00:00:00
930,Brian Edwards,brianedwards@icloud.com,(506) 935-3207,4.5,2025-09-27 00:00:00
931,Kevin Parker,kevin804@gmail.com,(642) 586-7765,3.1,2022-04-17 00:00:00
932,Stephanie Brown,browns82@gmail.com,(431) 497-1463,4.8,2026-12-20 00:00:00
933,Anthony Harris,harrisa32@yahoo.com,(419) 456-1052,4.8,2024-11-20 00:00:00
934,Karen Nelson,nelsonk43@gmail.com,(699) 357-1058,4.6,2027-07-29 00:00:00
935,Ashley Nguyen,anguyen@hotmail.com,(415) 979-2257,5.0,2027-04-07 00:00:00
936,Michelle Davis,michelledavis@icloud.com,(369) 686-5568,4.7,2023-12-06 00:00:00
937,Betty Davis,betty469@outlook.com,(643) 518-8299,4.2,2022-05-13 00:00:00
938,Mark Anderson,manderson@outlook.com,(452) 948-6613,4.9,2022-06-08 00:00:00
939,Margaret Roberts,margaret119@icloud.com,(519) 832-2379,4.9,2023-06-09 00:00:00
940,Sharon Smith,ssmith@yahoo.com,(681) 461-8822,4.6,2022-10-26 00:00:00
941,Matthew Nelson,matthew.nelson@hotmail.com,(912) 798-8323,4.0,2022-06-22 00:00:00
942,Harper Nguyen,nguyenh50@icloud.com,(310) 524-7792,4.8,2024-06-25 00:00:00
943,Emily Thomas,emily.thomas@yahoo.com,(986) 629-5199,4.2,2023-07-18 00:00:00
944,Laura Smith,laura.smith@gmail.com,(292) 993-5814,3.1,2024-02-07 00:00:00
945,Brian Harris,brian787@gmail.com,(417) 739-4441,3.4,2027-10-04 00:00:00
946,Sandra King,sandraking@yahoo.com,(219) 702-5299,4.0,2024-02-18 00:00:00
947,Harper Garcia,garciah60@outlook.com,(831) 669-9342,3.6,2026-01-16 00:00:00
948,Joseph Garcia,garciaj53@gmail.com,(228) 825-1096,4.4,2027-01-02 00:00:00
949,Sharon Mitchell,smitchell@hotmail.com,(785) 945-5121,4.2,2027-04-30 00:00:00
950,Isabella Jones,isabella754@gmail.com,(780) 421-5372,4.2,2022-06-28 00:00:00
951,Patricia Hill,patricia.hill@icloud.com,(572) 460-4011,4.3,2023-07-04 00:00:00
952,Jessica King,jessica797@outlook.com,(698) 399-4724,3.7,2024-09-09 00:00:00
953,William Mitchell,williammitchell@icloud.com,(771) 488-2569,5.0,2024-03-30 00:00:00
954,Justin Hall,justin.hall@hotmail.com,(389) 574-8886,3.5,2023-09-12 00:00:00
955,Daniel Young,daniel119@yahoo.com,(260) 323-6393,4.1,2025-11-27 00:00:00
956,Thomas Thompson,thomas249@hotmail.com,(864) 754-9978,4.2,2024-07-11 00:00:00
957,Thomas Nguyen,tnguyen@outlook.com,(323) 374-2189,5.0,2025-02-23 00:00:00
958,Mark White,mwhite@gmail.com,(566) 615-7844,4.5,2025-02-20 00:00:00
959,Andrew Edwards,andrew254@gmail.com,(784) 205-8760,4.7,2027-07-06 00:00:00
960,Cynthia Johnson,johnsonc27@outlook.com,(928) 524-3626,5.0,2023-02-01 00:00:00
961,Jessica Evans,jevans@yahoo.com,(899) 612-9667,4.3,2022-06-11 00:00:00
962,Michael Harris,harrism28@gmail.com,(887) 937-2985,4.6,2025-04-19 00:00:00
963,Carol Carter,carterc77@yahoo.com,(352) 908-1285,4.0,2025-07-27 00:00:00
964,Kimberly Green,kimberly.green@gmail.com,(488) 345-4184,3.4,2026-03-01 00:00:00
965,Joseph Green,joseph364@gmail.com,(212) 763-6787,4.7,2024-05-02 00:00:00
966,Betty Williams,bwilliams@gmail.com,(372) 869-8225,4.4,2027-10-13 00:00:00
967,Thomas Phillips,phillipst25@yahoo.com,(493) 281-8474,4.8,2022-12-03 00:00:00
968,Emma Lewis,elewis@yahoo.com,(511) 793-6613,4.5,2023-01-13 00:00:00
969,Emily Parker,emilyparker@gmail.com,(518) 302-5225,3.1,2022-07-16 00:00:00
970,Jessica Jackson,jessica507@icloud.com,(441) 354-5242,4.9,2024-11-15 00:00:00
971,Michelle Hill,hillm13@gmail.com,(779) 391-2493,3.7,2023-12-28 00:00:00
972,Isabella Thompson,isabella771@hotmail.com,(984) 846-8819,4.1,2025-02-09 00:00:00
973,Sandra Smith,sandrasmith@gmail.com,(991) 648-6709,5.0,2023-06-04 00:00:00
974,Justin Taylor,justin296@hotmail.com,(253) 627-9204,4.3,2023-02-26 00:00:00
975,James Hall,jhall@icloud.com,(894) 478-4847,3.9,2023-06-29 00:00:00
976,Cynthia Turner,cturner@hotmail.com,(798) 925-5375,4.8,2026-04-06 00:00:00
977,Deborah Lopez,lopezd60@icloud.com,(757) 994-9972,3.7,2027-11-28 00:00:00
978,Olivia Wilson,olivia159@yahoo.com,(735) 472-8427,4.1,2027-04-29 00:00:00
979,Jessica Miller,jmiller@gmail.com,(747) 880-4506,4.3,2026-10-24 00:00:00
980,Tyler Phillips,tyler.phillips@hotmail.com,(242) 872-1375,4.6,2026-05-05 00:00:00
981,James Lee,james.lee@gmail.com,(782) 882-2442,4.2,2025-07-08 00:00:00
982,Steven Mitchell,mitchells33@outlook.com,(384) 302-8174,4.9,2022-02-10 00:00:00
983,Mary Harris,mharris@gmail.com,(292) 427-7589,4.6,2025-10-30 00:00:00
984,Emily Jones,emily827@gmail.com,(695) 695-4995,4.6,2022-08-08 00:00:00
985,Karen White,karenwhite@gmail.com,(647) 991-7228,4.9,2024-04-25 00:00:00
986,Nancy Adams,nancy650@gmail.com,(725) 373-3805,4.4,2022-07-13 00:00:00
987,Anthony Williams,awilliams@hotmail.com,(252) 441-9457,4.3,2024-10-11 00:00:00
988,Ryan Perez,perezr17@hotmail.com,(771) 254-7211,3.9,2025-05-22 00:00:00
989,Deborah Campbell,campbelld56@aol.com,(317) 982-8699,5.0,2027-12-04 00:00:00
990,Justin Jackson,justin.jackson@outlook.com,(880) 956-9565,4.4,2026-01-21 00:00:00
991,Brandon Roberts,robertsb34@yahoo.com,(556) 378-2809,4.7,2027-07-28 00:00:00
992,Joshua Taylor,joshua589@yahoo.com,(780) 286-8972,3.9,2022-02-24 00:00:00
993,Robert Nguyen,rnguyen@gmail.com,(385) 997-7280,5.0,2025-02-05 00:00:00
994,Sarah Turner,sarahturner@outlook.com,(889) 668-2379,3.9,2027-01-05 00:00:00
995,Jessica Baker,jessica685@outlook.com,(864) 939-1957,5.0,2027-10-23 00:00:00
996,Brandon Hill,hillb42@yahoo.com,(437) 385-8554,4.0,2027-12-03 00:00:00
997,Brian Miller,brian.miller@yahoo.com,(494) 493-8819,4.0,2023-08-23 00:00:00
998,Evelyn Hill,evelyn212@gmail.com,(702) 981-7621,3.8,2027-08-26 00:00:00
999,Karen Moore,karenmoore@yahoo.com,(418) 630-2398,4.9,2025-04-03 00:00:00
1000,Charles Wright,charles983@icloud.com,(950) 793-8807,4.8,2024-01-03 00:00:00
