vehicle_id,user_id,make,model,year,color,license_plate,total_seats
1,31,Nissan,Rogue,2011,Black,HFT-6804,5
2,891,Honda,Civic,2009,White,POS-7442,5
3,619,Toyota,Camry,2010,Blue,IEY-3008,5
4,592,Chevrolet,Equinox,2009,Blue,NZJ-5868,5
5,374,Ford,Mustang,2007,Black,FHC-2126,4
6,474,Ford,F-150,2015,White,RSR-0652,6
7,324,Mercedes-Benz,GLE,2014,Orange,QOR-8720,5
8,147,Tesla,Model 3,2019,Black,XOS-2486,5
9,522,Chevrolet,Equinox,2012,White,OGP-8329,5
10,480,Volkswagen,Tiguan,2010,Blue,WDE-6535,5
11,115,Hyundai,Sonata,2014,Orange,WAS-6526,5
12,641,Chevrolet,Malibu,2018,Black,ASS-9751,5
13,20,BMW,3 Series,2022,Gray,DTO-7503,5
14,71,Honda,CR-V,2016,Brown,VHB-8904,5
15,553,Audi,A4,2023,Navy,DMO-2842,5
16,22,Audi,A4,2012,Blue,KRJ-8420,5
17,244,Kia,Sportage,2023,White,FBQ-2980,5
18,100,Chevrolet,Tahoe,2020,White,DYO-4781,8
19,820,Subaru,Outback,2018,White,KWB-6607,5
20,877,Honda,Accord,2010,Black,NDE-4808,5
21,219,Kia,Sorento,2011,Black,ZVZ-9814,7
22,803,Tesla,Model 3,2017,Black,AKY-7267,5
23,515,Kia,Sorento,2023,Black,HZP-5705,7
24,584,Hyundai,Sonata,2011,Black,NWB-0849,5
25,245,Chevrolet,Silverado,2022,Gray,QKP-5927,6
26,103,Chevrolet,Equinox,2020,Black,QLY-9065,5
27,721,Toyota,Sienna,2021,White,GYW-8318,8
28,567,BMW,3 Series,2022,Black,VHR-9111,5
29,53,Honda,Odyssey,2013,White,FIR-8529,8
30,438,Honda,Civic,2023,Silver,HAU-6275,5
31,43,Kia,Sorento,2008,Black,YRD-0354,7
32,906,BMW,3 Series,2017,Beige,UWX-2217,5
33,947,Tesla,Model S,2021,Blue,YGE-7141,5
34,228,BMW,X5,2020,Navy,WVG-7188,5
35,792,Ford,Mustang,2019,White,VWF-6320,4
36,986,Chevrolet,Tahoe,2016,Red,KZN-9191,8
37,261,Chevrolet,Equinox,2009,Black,LSI-6535,5
38,681,Toyota,RAV4,2019,Black,YNS-7630,5
39,197,BMW,X5,2017,Red,DXN-6365,5
40,441,Tesla,Model S,2022,Gold,RXQ-3502,5
41,528,Kia,Sportage,2016,Silver,LFM-9710,5
42,626,Subaru,Outback,2015,Black,YGI-8109,5
43,915,Audi,Q5,2010,Silver,XOS-3316,5
44,137,Audi,A4,2009,Navy,FUS-4591,5
45,562,Volkswagen,Jetta,2021,Orange,PYX-6758,5
46,282,Tesla,Model Y,2021,Blue,MGG-6756,5
47,220,Tesla,Model Y,2020,Blue,GIX-0131,5
48,878,Toyota,Sienna,2017,Silver,OKF-4956,8
49,820,Audi,A4,2018,Silver,YHK-8857,5
50,942,Nissan,Altima,2012,Silver,HMK-6778,5
51,389,Honda,Pilot,2023,Black,KOA-6140,8
52,768,BMW,5 Series,2012,Silver,IWH-9484,5
53,21,Hyundai,Tucson,2007,Yellow,JQU-6791,5
54,987,Nissan,Sentra,2009,White,MCY-4236,5
55,965,Dodge,Durango,2011,Navy,EIP-9593,7
56,580,Jeep,Grand Cherokee,2011,Black,RQC-7861,5
57,371,Toyota,RAV4,2017,Gray,RBQ-0444,5
58,447,Nissan,Rogue,2022,Blue,LTZ-2854,5
59,345,Dodge,Charger,2014,White,GYH-4756,5
60,11,Toyota,Corolla,2018,Green,EFU-3872,5
61,96,Hyundai,Sonata,2012,Black,SMT-6647,5
62,361,Chevrolet,Malibu,2012,Silver,GRJ-5395,5
63,222,Jeep,Wrangler,2019,White,GDF-1571,5
64,310,Dodge,Durango,2023,White,PTP-9823,7
65,13,Toyota,Camry,2022,Black,BBH-9671,5
66,76,Kia,Optima,2015,Silver,LEB-9484,5
67,634,Kia,Optima,2007,Black,VYC-2545,5
68,758,Ford,Transit,2022,Gray,LLW-9366,8
69,482,Honda,Accord,2009,Red,GCG-5146,5
70,678,Chevrolet,Malibu,2006,White,SSL-6976,5
71,845,Ford,Mustang,2018,Black,FDG-1075,4
72,911,Kia,Optima,2015,Silver,MHK-2545,5
73,842,Tesla,Model X,2020,Gray,AFR-8507,7
74,504,Chevrolet,Tahoe,2023,Black,TMQ-9156,8
75,834,Honda,Civic,2018,White,IRW-3629,5
76,891,Audi,A4,2023,Black,CGD-7880,5
77,950,Hyundai,Tucson,2020,Silver,EJT-6725,5
78,418,Chevrolet,Malibu,2019,Brown,MAQ-7730,5
79,280,Honda,Civic,2010,Yellow,XLD-8475,5
80,283,Tesla,Model S,2019,Orange,GOJ-9588,5
81,676,Audi,Q5,2021,Green,IUG-0785,5
82,715,Volkswagen,Tiguan,2022,Black,OIO-5431,5
83,812,Chevrolet,Silverado,2022,White,WKI-4939,6
84,468,Nissan,Pathfinder,2009,Silver,ANP-8845,7
85,873,Toyota,Camry,2009,Silver,REM-9366,5
86,295,BMW,X5,2019,Gold,QXM-5626,5
87,333,Ford,Transit,2021,Black,ZTS-1120,8
88,392,Toyota,Highlander,2017,White,LGK-6116,7
89,295,Nissan,Sentra,2012,Silver,PGQ-4684,5
90,204,Subaru,Forester,2022,Black,LIP-6428,5
91,282,Mercedes-Benz,GLE,2023,Silver,GOO-9296,5
92,236,Toyota,Camry,2023,Brown,UZX-7897,5
93,643,Nissan,Altima,2016,White,EGT-7610,5
94,136,Nissan,Pathfinder,2006,White,LPT-0271,7
95,347,Hyundai,Tucson,2017,Gray,XVG-8487,5
96,375,Honda,CR-V,2019,Gold,DZW-7998,5
97,111,Honda,Civic,2015,Black,NLR-6589,5
98,718,Subaru,Forester,2012,Silver,QYI-6664,5
99,380,BMW,3 Series,2019,Black,BAZ-1253,5
100,34,Subaru,Outback,2022,Silver,TEK-0449,5
101,63,Jeep,Wrangler,2016,White,LGJ-9396,5
102,806,Tesla,Model 3,2019,Black,DWL-6650,5
103,793,BMW,X5,2014,Orange,UFV-5582,5
104,367,Honda,Odyssey,2005,White,ZZO-7181,8
105,526,Chevrolet,Silverado,2022,White,EBT-5747,6
106,32,Kia,Sportage,2009,Silver,FPS-9636,5
107,130,Toyota,Highlander,2023,Green,LCS-4831,7
108,874,Chevrolet,Tahoe,2023,Gray,IZN-4607,8
109,438,Nissan,Pathfinder,2022,Blue,FLF-3440,7
110,832,BMW,5 Series,2014,White,DXB-8007,5
111,938,Honda,Pilot,2023,Black,YOR-4894,8
112,866,Dodge,Charger,2007,Gold,PJP-2621,5
113,571,Kia,Sorento,2019,Black,HFL-5766,7
114,891,Toyota,Corolla,2022,Beige,VGE-7330,5
115,162,Honda,Odyssey,2023,Red,BTZ-0534,8
116,279,Mercedes-Benz,E-Class,2015,Blue,UOC-0166,5
117,499,Tesla,Model Y,2023,Silver,LHT-1426,5
118,336,Hyundai,Sonata,2015,Black,KPA-3212,5
119,407,Honda,CR-V,2005,Silver,LDN-2563,5
120,415,Dodge,Durango,2009,Silver,LCI-4462,7
121,411,Toyota,Corolla,2013,Black,YLR-3414,5
122,928,Hyundai,Sonata,2008,Silver,III-1515,5
123,778,Audi,Q5,2014,White,YQD-1211,5
124,651,Nissan,Pathfinder,2007,Black,UMT-7495,7
125,520,Nissan,Sentra,2015,Brown,QDB-4320,5
126,394,Toyota,Sienna,2013,Silver,AJH-6905,8
127,155,Volkswagen,Jetta,2023,Gray,UXL-8634,5
128,450,Toyota,Highlander,2022,Black,XIS-5124,7
129,343,Hyundai,Sonata,2022,Gray,JXK-7606,5
130,597,Toyota,Sienna,2014,Black,RHS-6983,8
131,659,Subaru,Outback,2009,Beige,IRR-1705,5
132,372,BMW,X5,2011,Red,VTR-5643,5
133,520,BMW,3 Series,2011,Gold,ITE-9127,5
134,852,Audi,Q5,2017,Green,WAI-7131,5
135,240,Jeep,Wrangler,2010,Blue,BJS-9677,5
136,289,Hyundai,Tucson,2013,White,VMV-3994,5
137,381,Audi,Q5,2015,Silver,KEF-6804,5
138,94,Kia,Sorento,2011,Blue,NDC-1458,7
139,29,Ford,Transit,2023,Silver,JAB-5293,8
140,723,BMW,5 Series,2009,Green,QUD-2861,5
141,795,Volkswagen,Passat,2019,Red,XAF-1964,5
142,17,Chevrolet,Malibu,2012,White,BKU-4195,5
143,370,Nissan,Rogue,2015,Blue,HAJ-5165,5
144,766,Toyota,Sienna,2020,Gray,UNA-8033,8
145,560,Toyota,Corolla,2014,Navy,ITQ-7730,5
146,38,BMW,X5,2012,Green,RZM-1179,5
147,772,Chevrolet,Malibu,2011,Black,FBY-5952,5
148,451,Nissan,Pathfinder,2011,White,WBR-2744,7
149,617,Mercedes-Benz,GLE,2015,Orange,MMY-5870,5
150,458,Ford,Explorer,2023,White,CIH-4714,7
151,768,Toyota,RAV4,2017,Red,LQU-0645,5
152,393,Subaru,Forester,2010,Gold,DPU-0073,5
153,666,Kia,Optima,2007,Gray,RYJ-7553,5
154,220,Chevrolet,Tahoe,2012,Gold,AEN-9177,8
155,830,Nissan,Sentra,2014,Blue,ZFD-0179,5
156,179,Subaru,Forester,2015,Red,SOH-2177,5
157,565,Mercedes-Benz,E-Class,2022,White,ZUG-4354,5
158,325,Honda,Pilot,2008,Black,KSM-4451,8
159,444,Nissan,Pathfinder,2007,Silver,RIW-7619,7
160,291,Hyundai,Elantra,2007,Green,NHE-9295,5
161,595,Honda,Civic,2011,Black,YHQ-6065,5
162,657,Honda,Odyssey,2010,Red,SPV-5800,8
163,310,Audi,Q5,2018,White,FOQ-0856,5
164,622,Volkswagen,Passat,2012,Navy,RHB-0442,5
165,248,Honda,Odyssey,2015,Brown,IZI-3751,8
166,164,Volkswagen,Jetta,2008,White,GCH-3628,5
167,469,BMW,5 Series,2016,Black,EZM-8403,5
168,111,Chevrolet,Silverado,2010,Gray,BHP-8620,6
169,76,Tesla,Model X,2017,Brown,STJ-4515,7
170,348,Mercedes-Benz,GLE,2018,Silver,OVQ-6103,5
171,468,Kia,Sorento,2019,Blue,FNN-0134,7
172,522,Honda,Odyssey,2021,Black,YIK-6855,8
173,743,Hyundai,Tucson,2021,Blue,HVJ-6957,5
174,537,Jeep,Wrangler,2005,Gray,GRZ-5204,5
175,708,Nissan,Rogue,2020,Black,RAY-1031,5
176,679,Ford,Escape,2018,Silver,PMW-7755,5
177,823,Volkswagen,Passat,2021,White,YLN-5686,5
178,213,Jeep,Wrangler,2013,Gray,EGO-2922,5
179,405,Jeep,Wrangler,2020,White,JYU-2163,5
180,552,Mercedes-Benz,C-Class,2010,White,HSJ-4242,5
181,54,Chevrolet,Tahoe,2022,Blue,DQP-2656,8
182,902,Honda,Accord,2016,White,MRD-9916,5
183,757,Volkswagen,Passat,2020,Red,THH-0762,5
184,960,Dodge,Charger,2007,Beige,EWE-9934,5
185,506,Dodge,Durango,2017,Brown,AOC-9295,7
186,810,Honda,Pilot,2022,Silver,FCE-4217,8
187,98,Chevrolet,Malibu,2023,Red,FPQ-4434,5
188,587,Ford,Explorer,2010,Silver,YAJ-4235,7
189,721,Toyota,Camry,2013,Red,SBD-3458,5
190,621,Audi,Q5,2013,Red,QYJ-2944,5
191,807,Mercedes-Benz,E-Class,2019,Blue,XTU-8765,5
192,154,Honda,Civic,2019,Silver,SCO-0555,5
193,136,Ford,F-150,2014,Green,LRS-4840,6
194,593,Hyundai,Elantra,2019,Silver,BMU-7387,5
195,185,Toyota,Sienna,2005,Silver,SOB-8942,8
196,385,Audi,Q5,2011,Navy,ZQK-9389,5
197,775,Honda,Civic,2020,Black,WDZ-3198,5
198,897,Toyota,Corolla,2012,Silver,SLJ-2411,5
199,458,Dodge,Charger,2009,Black,RPY-8205,5
200,240,Nissan,Altima,2006,White,BLO-7719,5
201,282,Dodge,Charger,2016,Gray,UVG-8954,5
202,427,Toyota,Highlander,2013,Red,LMZ-9673,7
203,60,Tesla,Model S,2014,White,ENG-2814,5
204,95,Kia,Sorento,2021,Gold,ODG-2698,7
205,223,Hyundai,Tucson,2012,Black,JPB-0856,5
206,491,Volkswagen,Passat,2011,Brown,IYA-9919,5
207,369,Chevrolet,Silverado,2023,Blue,KGI-2463,6
208,885,Hyundai,Elantra,2021,Silver,UST-3230,5
209,854,Ford,Transit,2021,Black,GYP-4133,8
210,751,Chevrolet,Silverado,2019,Gray,YIT-4774,6
211,77,Mercedes-Benz,C-Class,2011,Black,OEX-9958,5
212,633,Subaru,Outback,2006,Blue,KVG-7053,5
213,515,Nissan,Rogue,2023,Red,ANK-0752,5
214,274,Jeep,Wrangler,2018,Navy,XCC-1158,5
215,879,Tesla,Model 3,2017,White,KOZ-2686,5
216,804,Nissan,Pathfinder,2006,Black,JOB-0144,7
217,701,BMW,X5,2010,Brown,XFX-6529,5
218,408,Chevrolet,Tahoe,2022,Gray,AYI-9577,8
219,706,Toyota,Sienna,2013,Black,GVK-8371,8
220,407,Dodge,Charger,2008,Silver,ZBL-8379,5
221,677,Audi,Q5,2014,Black,HZM-3946,5
222,399,Mercedes-Benz,GLE,2011,Navy,HGB-2371,5
223,569,BMW,5 Series,2017,Black,AIJ-2114,5
224,798,Hyundai,Elantra,2019,Black,COP-7804,5
225,65,Honda,Civic,2020,Beige,ZOE-3134,5
226,469,Ford,F-150,2017,White,HUJ-9746,6
227,881,Honda,Accord,2007,White,YIQ-8338,5
228,649,Nissan,Pathfinder,2009,White,PSM-1337,7
229,185,Volkswagen,Tiguan,2018,Navy,IHU-3919,5
230,815,Subaru,Forester,2022,Black,SYF-7808,5
231,491,Tesla,Model S,2022,Silver,QGR-7709,5
232,609,Kia,Sportage,2018,Gray,YWK-0978,5
233,991,Nissan,Rogue,2010,Black,GRE-6566,5
234,457,Audi,A4,2016,Gold,LAG-5555,5
235,88,Mercedes-Benz,E-Class,2018,Silver,RRD-9429,5
236,69,Honda,CR-V,2009,White,IUN-3074,5
237,179,BMW,3 Series,2007,Navy,CWQ-6192,5
238,756,Kia,Sorento,2013,White,LMU-6163,7
239,819,Nissan,Sentra,2011,Silver,LAF-2775,5
240,402,Hyundai,Tucson,2011,White,FCR-4933,5
241,138,Kia,Sportage,2009,White,VQV-7260,5
242,499,BMW,5 Series,2009,White,DJD-3554,5
243,140,Nissan,Rogue,2013,Gray,MDI-4030,5
244,32,Ford,Mustang,2017,Gold,NMR-4840,4
245,116,Audi,A4,2013,White,HNE-4775,5
246,436,Kia,Optima,2009,White,OZO-7742,5
247,795,Honda,Accord,2023,Blue,HZL-3849,5
248,212,Chevrolet,Silverado,2010,Navy,PJS-6112,6
249,922,Toyota,Highlander,2019,Gray,PEZ-2595,7
250,150,Subaru,Forester,2008,Black,TKB-2671,5
251,649,Jeep,Grand Cherokee,2015,Green,TRM-5244,5
252,868,Audi,Q5,2010,Silver,TSW-4458,5
253,217,Dodge,Charger,2008,Blue,LRJ-0524,5
254,48,Volkswagen,Tiguan,2013,White,HOD-8787,5
255,706,Honda,Accord,2023,Navy,LDW-4092,5
256,406,Honda,Pilot,2015,Black,YHR-2391,8
257,532,Nissan,Rogue,2017,Blue,TLC-0205,5
258,749,Subaru,Forester,2019,Black,SVZ-4103,5
259,544,Honda,Accord,2006,White,WDU-7191,5
260,223,Kia,Optima,2006,Gray,EJF-7964,5
261,255,Honda,Civic,2006,Black,DSJ-4726,5
262,303,Kia,Sorento,2017,Navy,RWR-3557,7
263,13,Nissan,Pathfinder,2006,Navy,UGK-2608,7
264,18,Mercedes-Benz,E-Class,2016,Black,WOJ-6797,5
265,434,Kia,Sportage,2008,Black,FXY-3277,5
266,550,Jeep,Wrangler,2017,Black,NQH-3528,5
267,251,BMW,5 Series,2018,Gray,TQQ-3492,5
268,12,Honda,Civic,2016,Black,PBR-6101,5
269,908,Ford,F-150,2019,Gold,NUS-1172,6
270,57,Honda,CR-V,2005,White,LNG-9645,5
271,46,Volkswagen,Tiguan,2022,Gray,JGC-5725,5
272,672,Toyota,Camry,2012,Black,JXE-9087,5
273,184,Tesla,Model S,2015,White,KSH-0359,5
274,468,Ford,Transit,2022,Gray,BKW-8730,8
275,201,Toyota,Camry,2016,Black,OHQ-4547,5
276,974,Dodge,Charger,2023,Blue,GAK-2388,5
277,996,BMW,X5,2007,Blue,JTH-2949,5
278,98,Honda,Odyssey,2013,Black,XXN-7390,8
279,949,Hyundai,Elantra,2010,Red,KPB-6128,5
280,109,Tesla,Model 3,2022,Green,ILG-9171,5
281,162,Ford,F-150,2018,Silver,KNZ-2321,6
282,526,Subaru,Forester,2014,Green,SBV-3023,5
283,824,Toyota,Highlander,2017,White,ZAK-4724,7
284,597,Honda,Pilot,2009,Black,VZD-8366,8
285,829,Kia,Sportage,2014,Beige,BZF-6808,5
286,177,BMW,X5,2010,Black,LEO-8306,5
287,904,Mercedes-Benz,C-Class,2012,Beige,HLD-6664,5
288,814,Kia,Sorento,2023,Black,HDF-8568,7
289,327,Toyota,Corolla,2015,Navy,JOM-9531,5
290,164,Nissan,Altima,2012,Black,VHV-4352,5
291,817,Honda,Accord,2010,Red,GVX-0928,5
292,721,Mercedes-Benz,GLE,2015,Beige,ZEG-3735,5
293,503,Jeep,Wrangler,2016,Gold,OOE-9843,5
294,182,Toyota,RAV4,2008,Black,PAM-3683,5
295,965,BMW,5 Series,2007,Black,PXU-8893,5
296,325,Subaru,Outback,2017,Gray,IIZ-7464,5
297,131,Ford,Explorer,2023,Red,YUF-5136,7
298,991,Ford,Explorer,2006,Gold,YKZ-9069,7
299,987,Nissan,Sentra,2012,Red,CMI-0336,5
300,50,Honda,Civic,2023,Blue,IAF-6377,5
301,885,Mercedes-Benz,GLE,2017,Blue,ZWM-3514,5
302,385,Kia,Optima,2013,Black,BVH-3901,5
303,169,Ford,F-150,2006,Gray,XCP-6409,6
304,289,Nissan,Altima,2018,Black,CFE-6772,5
305,641,BMW,3 Series,2013,Black,KOM-0008,5
306,501,Nissan,Altima,2020,Black,AEH-0833,5
307,232,Subaru,Outback,2013,Black,OEX-3424,5
308,567,Chevrolet,Tahoe,2023,Black,TRC-3595,8
309,925,Toyota,Highlander,2020,Green,KNW-4840,7
310,172,Jeep,Grand Cherokee,2006,Silver,XUR-6171,5
311,933,Ford,Escape,2011,Black,LZL-9682,5
312,602,Dodge,Charger,2008,Black,OOW-5907,5
313,805,Hyundai,Sonata,2019,Black,DOP-9117,5
314,634,Chevrolet,Malibu,2022,Brown,WGR-5414,5
315,838,Nissan,Altima,2017,Black,XIG-7980,5
316,846,BMW,3 Series,2015,White,MSC-8194,5
317,383,BMW,5 Series,2014,Blue,PCL-9445,5
318,206,Toyota,Highlander,2013,Black,SKU-5518,7
319,698,Toyota,Highlander,2015,Black,BJF-3439,7
320,767,Toyota,Corolla,2010,White,PEW-5318,5
321,276,Jeep,Wrangler,2007,White,KEO-9866,5
322,230,Nissan,Pathfinder,2018,Gray,WZR-4118,7
323,534,Chevrolet,Equinox,2017,Blue,SHX-8423,5
324,701,Nissan,Sentra,2017,Gray,AZZ-8552,5
325,154,Honda,Accord,2018,Black,ZQW-2782,5
326,303,Hyundai,Sonata,2013,Beige,UUP-6676,5
327,654,Chevrolet,Equinox,2021,Silver,TPZ-8376,5
328,828,Volkswagen,Passat,2016,Silver,VVW-1012,5
329,381,Kia,Sorento,2013,Gold,XRF-2848,7
330,123,Chevrolet,Equinox,2017,Silver,DBQ-5641,5
331,469,Subaru,Forester,2017,Gray,KWD-9398,5
332,215,Honda,Odyssey,2015,Brown,ECI-9304,8
333,489,Audi,A4,2011,Gray,EUU-1444,5
334,642,Mercedes-Benz,GLE,2010,Black,FJA-3816,5
335,972,Dodge,Charger,2013,White,WIC-5300,5
336,193,Chevrolet,Malibu,2019,Blue,PIX-9393,5
337,812,Ford,F-150,2016,Black,FZF-0517,6
338,707,Toyota,RAV4,2018,Brown,GNB-9660,5
339,104,Honda,CR-V,2018,Silver,DGS-2604,5
340,109,Subaru,Outback,2021,White,PDV-1711,5
341,933,Volkswagen,Tiguan,2012,Gray,UVZ-3415,5
342,524,Ford,Escape,2020,White,ARX-8610,5
343,873,Toyota,Sienna,2007,Beige,QLZ-2088,8
344,175,Chevrolet,Malibu,2016,Navy,ITC-7086,5
345,468,BMW,X5,2018,Brown,YGT-3314,5
346,865,Chevrolet,Tahoe,2017,Red,MKX-1179,8
347,701,Ford,F-150,2007,Silver,PUR-1330,6
348,538,Dodge,Charger,2010,Silver,MXL-0608,5
349,678,Audi,Q5,2020,Gray,OZR-3570,5
350,957,Dodge,Charger,2013,Silver,RQD-8860,5
351,229,Ford,F-150,2020,Green,WWB-4290,6
352,510,Kia,Sorento,2020,Silver,GLU-4841,7
353,521,Dodge,Durango,2008,Black,KOA-0663,7
354,615,Kia,Sorento,2014,Red,LIV-8837,7
355,535,Volkswagen,Passat,2016,Blue,CTF-3892,5
356,953,Mercedes-Benz,E-Class,2009,Black,EDS-7161,5
357,791,Tesla,Model 3,2018,Silver,USC-4985,5
358,495,Tesla,Model Y,2023,Red,YDM-5098,5
359,429,Hyundai,Elantra,2011,Red,EVC-6638,5
360,307,Nissan,Altima,2012,White,ZZL-1477,5
361,689,Jeep,Wrangler,2022,Brown,SYQ-2623,5
362,428,Honda,Pilot,2011,Silver,SID-3456,8
363,769,Subaru,Forester,2022,White,WVN-0161,5
364,631,Ford,F-150,2013,Red,DBU-2534,6
365,949,Subaru,Forester,2022,Brown,TOG-7726,5
366,882,Mercedes-Benz,GLE,2016,Silver,URZ-0728,5
367,302,Tesla,Model Y,2021,Beige,SQT-5679,5
368,165,Tesla,Model Y,2021,Orange,BZT-1022,5
369,864,Kia,Sportage,2014,Black,MYB-9576,5
370,518,Subaru,Outback,2014,Silver,OJU-3210,5
371,634,Ford,F-150,2017,Gray,KJW-6329,6
372,637,Hyundai,Sonata,2021,Yellow,VZA-6496,5
373,842,Chevrolet,Silverado,2005,Red,IXY-3529,6
374,995,Audi,Q5,2014,Gray,NMH-6300,5
375,849,Audi,Q5,2017,Gray,QFQ-2682,5
376,814,Jeep,Wrangler,2018,Red,YTD-4300,5
377,548,Chevrolet,Equinox,2010,Gray,FGK-6406,5
378,89,Toyota,Camry,2007,Blue,PSB-9173,5
379,303,Chevrolet,Malibu,2019,White,VAE-2778,5
380,145,Nissan,Rogue,2012,White,XZW-6908,5
381,423,Honda,CR-V,2006,Black,PNY-3793,5
382,770,Nissan,Pathfinder,2021,Black,EQG-1650,7
383,688,Kia,Sorento,2022,Red,BRG-1593,7
384,580,Nissan,Pathfinder,2012,Black,QXI-4635,7
385,369,Kia,Optima,2017,Navy,YEI-7762,5
386,880,Honda,Pilot,2016,Brown,MJH-5168,8
387,593,Honda,Pilot,2023,Black,TQS-8868,8
388,229,Tesla,Model 3,2023,Gray,XOO-9473,5
389,826,Audi,Q5,2018,Blue,HMN-3568,5
390,962,Nissan,Sentra,2010,Blue,DEO-5817,5
391,481,Mercedes-Benz,C-Class,2007,White,MBJ-0293,5
392,584,Volkswagen,Jetta,2006,Black,QCZ-6275,5
393,362,Ford,Explorer,2018,Red,JQV-5395,7
394,154,Mercedes-Benz,C-Class,2021,Navy,XAW-4252,5
395,216,Ford,Explorer,2011,White,SDF-8744,7
396,151,Kia,Sportage,2011,Red,KGD-5158,5
397,291,Toyota,Highlander,2013,White,EYP-5076,7
398,187,Honda,Civic,2009,Silver,ZWE-8678,5
399,208,Nissan,Sentra,2021,White,SIL-5231,5
400,771,Hyundai,Sonata,2022,Red,VPE-9585,5
401,380,Honda,CR-V,2007,Silver,DPV-8765,5
402,590,Toyota,RAV4,2022,Silver,YMT-3898,5
403,727,Honda,Accord,2016,Black,MGW-2841,5
404,668,Dodge,Durango,2008,Gray,DAR-6331,7
405,571,Kia,Sportage,2014,White,NOP-9325,5
406,676,Volkswagen,Passat,2010,White,OGH-3778,5
407,724,Honda,CR-V,2012,Silver,SEF-4356,5
408,380,Toyota,Highlander,2013,Silver,QUV-4602,7
409,840,Honda,Civic,2022,Black,JZP-5759,5
410,238,Ford,Explorer,2021,Silver,FRU-2055,7
411,416,Nissan,Sentra,2010,Red,JRZ-0236,5
412,987,Kia,Sportage,2012,Gray,TBC-2893,5
413,302,Chevrolet,Tahoe,2012,Gray,FYO-2410,8
414,789,BMW,X5,2010,Navy,YWV-5695,5
415,226,Chevrolet,Silverado,2014,Gold,LLP-0106,6
416,767,Subaru,Forester,2012,Navy,KJN-7223,5
417,195,BMW,X5,2009,Gray,EIF-5179,5
418,110,Volkswagen,Tiguan,2020,Black,TWF-2261,5
419,505,Honda,CR-V,2007,Red,RPT-5046,5
420,490,Kia,Optima,2014,Silver,ZXH-2507,5
421,13,Hyundai,Tucson,2007,Silver,KRE-9646,5
422,352,Subaru,Forester,2011,White,CJW-1229,5
423,590,Mercedes-Benz,E-Class,2011,Silver,FSJ-8211,5
424,485,Subaru,Forester,2012,Navy,SUO-8187,5
425,880,Toyota,Camry,2010,Silver,DXQ-5342,5
426,370,Kia,Optima,2007,Silver,RBV-4643,5
427,666,Mercedes-Benz,E-Class,2023,Gray,VIK-3665,5
428,294,Nissan,Pathfinder,2022,Black,UJR-4783,7
429,352,Volkswagen,Jetta,2009,Brown,QYK-6490,5
430,602,Ford,Transit,2015,White,HGQ-2483,8
431,171,Hyundai,Sonata,2020,Silver,EAS-6970,5
432,633,Tesla,Model 3,2017,Black,YMB-7591,5
433,30,Honda,Odyssey,2007,Red,XIG-2618,8
434,715,Toyota,RAV4,2017,Brown,IMZ-5249,5
435,494,Hyundai,Tucson,2011,Gray,LTW-4659,5
436,353,Hyundai,Tucson,2013,Navy,LJG-3088,5
437,816,Chevrolet,Malibu,2020,Gray,RMT-2775,5
438,270,Toyota,Camry,2022,White,KOK-1733,5
439,276,Honda,Civic,2016,Red,NUP-6265,5
440,20,Tesla,Model S,2015,Green,EHQ-6261,5
441,16,Honda,Odyssey,2006,Orange,AZH-1400,8
442,975,Volkswagen,Tiguan,2012,White,IUZ-4738,5
443,998,Honda,Odyssey,2006,White,KOE-8230,8
444,214,Audi,Q5,2020,White,ULT-0475,5
445,654,Volkswagen,Passat,2017,Red,IIQ-0952,5
446,599,BMW,3 Series,2012,White,BRZ-2407,5
447,162,Honda,CR-V,2017,Navy,ABU-4530,5
448,110,Volkswagen,Tiguan,2010,Red,IZT-0315,5
449,367,Honda,Pilot,2021,White,ZUT-8416,8
450,332,Dodge,Charger,2010,White,BSO-5455,5
451,376,Dodge,Charger,2020,White,VXO-0122,5
452,65,Volkswagen,Jetta,2005,Navy,NTW-6363,5
453,99,Subaru,Outback,2022,Green,ERT-1243,5
454,398,Hyundai,Sonata,2008,Black,YEA-1106,5
455,504,Subaru,Outback,2020,Gray,SGJ-6092,5
456,273,Honda,Civic,2017,Navy,BOY-4378,5
457,198,Hyundai,Sonata,2007,Blue,VCF-5123,5
458,720,Hyundai,Sonata,2013,Gray,YOO-7756,5
459,361,Subaru,Outback,2018,Brown,EEK-3194,5
460,220,BMW,5 Series,2023,Yellow,IJT-4765,5
461,17,Mercedes-Benz,GLE,2022,Gray,TJL-9002,5
462,283,Hyundai,Sonata,2010,Yellow,HHF-8086,5
463,585,Kia,Sorento,2012,Black,LEG-8223,7
464,930,Tesla,Model 3,2021,Beige,TSU-1865,5
465,445,Honda,Accord,2022,Red,AVJ-7938,5
466,43,Tesla,Model S,2013,Brown,FQP-0733,5
467,590,BMW,5 Series,2023,Gray,ISD-6997,5
468,88,Hyundai,Elantra,2008,White,HKD-0503,5
469,754,Tesla,Model 3,2021,Silver,STM-1355,5
470,196,Hyundai,Sonata,2013,White,GLR-5143,5
471,46,BMW,5 Series,2017,Gray,AHZ-6941,5
472,853,Ford,Transit,2013,Red,ESC-7261,8
473,769,Chevrolet,Malibu,2005,White,UHM-3725,5
474,62,Chevrolet,Equinox,2023,Red,ZSR-3952,5
475,676,Chevrolet,Malibu,2011,Navy,QBR-0328,5
476,888,Mercedes-Benz,E-Class,2009,Black,WQG-3903,5
477,502,Nissan,Altima,2022,Black,FZO-7093,5
478,641,Tesla,Model 3,2022,Black,JJQ-2958,5
479,90,Chevrolet,Equinox,2020,Brown,VAO-2186,5
480,620,Dodge,Charger,2018,Gray,RWR-4543,5
481,537,BMW,X5,2021,Gray,FDO-8837,5
482,122,Honda,Pilot,2019,Yellow,ZDY-9359,8
483,842,Ford,Explorer,2016,Green,DAI-9937,7
484,611,Nissan,Rogue,2016,Black,EDA-9666,5
485,873,Ford,Transit,2013,Red,JRM-5673,8
486,688,Mercedes-Benz,GLE,2017,Silver,EFK-9992,5
487,415,Ford,Mustang,2011,Black,YZW-4342,4
488,722,Audi,Q5,2009,Gray,VSK-9556,5
489,397,Toyota,RAV4,2022,Black,LWW-2590,5
490,707,Hyundai,Sonata,2007,Black,LWU-2129,5
491,403,Hyundai,Sonata,2010,Silver,QCN-1585,5
492,929,Tesla,Model S,2017,Silver,EPS-2426,5
493,524,Jeep,Grand Cherokee,2010,Blue,DCL-3537,5
494,184,Nissan,Sentra,2010,White,JTX-5618,5
495,4,Audi,Q5,2020,Black,ISY-2189,5
496,465,Nissan,Sentra,2013,Black,MMU-6426,5
497,152,Tesla,Model S,2019,Black,PGO-6580,5
498,183,Toyota,Highlander,2019,Black,WRV-2904,7
499,96,Ford,F-150,2013,Gray,RPU-1459,6
500,881,Audi,Q5,2013,White,XVT-8041,5
501,496,Chevrolet,Tahoe,2015,Gray,NSP-1769,8
502,747,Dodge,Charger,2015,Silver,WGO-6964,5
503,121,Nissan,Rogue,2023,Silver,EPS-9006,5
504,289,Dodge,Durango,2014,Navy,ZKI-5602,7
505,30,Chevrolet,Equinox,2010,White,NIA-6376,5
506,914,Ford,Explorer,2012,White,IRX-7646,7
507,20,Hyundai,Tucson,2016,Silver,VYB-5565,5
508,642,Ford,Escape,2023,Red,UXJ-9209,5
509,424,Hyundai,Tucson,2011,Gray,KPW-7730,5
510,207,Honda,Civic,2018,Brown,JVH-5130,5
511,336,Honda,Civic,2017,Silver,UXE-3483,5
512,5,Honda,Odyssey,2008,Green,YRD-7475,8
513,592,BMW,3 Series,2007,Red,PCM-0563,5
514,162,Audi,A4,2015,Red,FFH-5762,5
515,291,Chevrolet,Tahoe,2008,Black,QNF-3317,8
516,393,Kia,Optima,2013,Black,IXO-0090,5
517,838,Toyota,Highlander,2010,Silver,EPP-8663,7
518,318,Ford,Mustang,2022,Black,XTO-0860,4
519,339,Subaru,Forester,2019,Silver,YDX-2319,5
520,521,BMW,5 Series,2020,Silver,BCM-8235,5
521,636,Honda,Accord,2015,Green,UIQ-7544,5
522,351,Chevrolet,Silverado,2021,Black,MBF-6495,6
523,100,Hyundai,Tucson,2013,Black,RTS-8153,5
524,63,Tesla,Model Y,2021,White,KPR-5836,5
525,400,Honda,Civic,2009,Green,XXQ-0115,5
526,736,Nissan,Sentra,2023,Silver,FWH-7699,5
527,1,Mercedes-Benz,C-Class,2008,Gray,PNW-8099,5
528,392,Jeep,Grand Cherokee,2022,Green,JWW-2733,5
529,296,Tesla,Model 3,2020,Silver,FED-5834,5
530,658,Subaru,Outback,2009,Black,BAS-4490,5
531,232,Tesla,Model S,2019,Brown,SYQ-4483,5
532,39,Ford,Explorer,2019,Gray,PWG-5453,7
533,798,Kia,Optima,2021,Blue,CMR-1799,5
534,553,Chevrolet,Tahoe,2019,Gray,NPG-6666,8
535,362,Kia,Sportage,2015,Red,XNA-4953,5
536,587,Chevrolet,Malibu,2014,Black,SPH-7265,5
537,288,Toyota,Highlander,2017,Navy,QHC-5821,7
538,718,Chevrolet,Tahoe,2013,Black,CEP-1482,8
539,771,Chevrolet,Silverado,2019,Black,NAZ-9588,6
540,119,Tesla,Model S,2018,White,LQF-7367,5
541,269,Toyota,Highlander,2013,Silver,MMY-9263,7
542,940,Honda,Odyssey,2021,Brown,AYL-6960,8
543,401,Hyundai,Tucson,2017,Gold,LXW-3206,5
544,852,Volkswagen,Jetta,2012,Blue,PFI-6156,5
545,59,Toyota,Sienna,2004,Silver,NRJ-7206,8
546,580,Nissan,Altima,2011,Gold,QSD-8168,5
547,926,Ford,Explorer,2009,Blue,GMY-6924,7
548,183,Subaru,Outback,2015,White,UHB-3928,5
549,659,Tesla,Model Y,2020,Silver,YPE-4172,5
550,656,Honda,Accord,2017,Blue,CBO-2481,5
551,447,Toyota,Camry,2006,Red,GSX-5594,5
552,549,Tesla,Model 3,2023,Blue,VBF-3671,5
553,471,Mercedes-Benz,C-Class,2016,Red,KQY-0590,5
554,368,Audi,A4,2015,Red,EBJ-1686,5
555,812,Volkswagen,Tiguan,2010,Brown,LEA-0923,5
556,416,Hyundai,Tucson,2015,Silver,ZVZ-0337,5
557,38,Honda,CR-V,2011,Navy,RLR-8159,5
558,927,Dodge,Durango,2012,Silver,AXQ-2606,7
559,824,BMW,3 Series,2009,Silver,EPV-1472,5
560,988,Ford,Mustang,2018,White,VTK-1653,4
561,948,Ford,Escape,2006,Gray,IDD-4654,5
562,949,Kia,Sportage,2007,Black,UQJ-1800,5
563,462,Honda,Civic,2023,Gray,HSU-4112,5
564,357,Tesla,Model S,2015,Beige,PAE-4967,5
565,476,Tesla,Model S,2012,Gray,EZZ-6895,5
566,687,Audi,Q5,2019,Red,HFU-6941,5
567,948,Toyota,RAV4,2007,Red,HLI-8707,5
568,766,Hyundai,Tucson,2011,Black,ANB-2454,5
569,600,Subaru,Forester,2015,White,CFG-4180,5
570,999,Volkswagen,Tiguan,2009,Brown,DYL-3176,5
571,226,Chevrolet,Tahoe,2011,White,AOH-1447,8
572,501,Chevrolet,Malibu,2010,Navy,QPE-9808,5
573,950,Ford,Escape,2023,Silver,MAL-8242,5
574,404,Kia,Sportage,2010,Beige,XKB-9754,5
575,664,Volkswagen,Passat,2008,Silver,GOA-7912,5
576,896,Honda,Civic,2003,Silver,HSW-7047,5
577,544,Jeep,Grand Cherokee,2017,Black,WQS-0636,5
578,754,Toyota,RAV4,2015,Silver,HYO-7708,5
579,727,Toyota,Highlander,2019,Brown,CJQ-3150,7
580,772,Audi,Q5,2012,Black,IOQ-7787,5
581,850,Dodge,Durango,2015,White,XNK-0345,7
582,964,Honda,CR-V,2020,Blue,RNH-6798,5
583,714,Toyota,Sienna,2010,Brown,LCX-2912,8
584,431,Honda,Odyssey,2020,Black,FYA-4694,8
585,662,Tesla,Model Y,2020,White,BWG-9643,5
586,267,BMW,5 Series,2021,Gray,SVL-3171,5
587,549,Ford,Transit,2017,White,HVD-2961,8
588,130,Chevrolet,Malibu,2010,Orange,VSR-1203,5
589,547,Tesla,Model Y,2022,White,FSR-9149,5
590,1000,BMW,3 Series,2009,Beige,KMD-4307,5
591,747,Hyundai,Elantra,2016,Red,HXZ-7967,5
592,457,Tesla,Model Y,2022,Red,TXD-5348,5
593,870,Mercedes-Benz,C-Class,2008,White,PFN-7710,5
594,734,Tesla,Model Y,2020,Orange,KMP-5063,5
595,760,Tesla,Model X,2020,White,AII-4528,7
596,213,Tesla,Model S,2019,White,UZL-8150,5
597,280,BMW,3 Series,2021,Orange,NIY-5306,5
598,847,Tesla,Model S,2014,Gray,STD-1350,5
599,128,BMW,3 Series,2015,Silver,TFU-1366,5
600,764,Nissan,Pathfinder,2014,Silver,MRG-1290,7
601,866,Mercedes-Benz,E-Class,2021,Gray,WQM-6155,5
602,979,Chevrolet,Equinox,2013,Gray,DLS-3036,5
603,557,Mercedes-Benz,C-Class,2007,White,NYN-7107,5
604,14,BMW,5 Series,2016,Green,RHR-6058,5
605,815,Honda,Pilot,2022,White,UKX-1258,8
606,453,Kia,Sorento,2011,Silver,XDD-0361,7
607,233,Nissan,Altima,2021,Blue,ISA-8281,5
608,202,BMW,3 Series,2010,White,ZLT-1044,5
609,802,Honda,Accord,2004,Navy,NBD-2067,5
610,361,Honda,CR-V,2011,Gray,FRA-1725,5
611,988,Ford,F-150,2020,Navy,PNB-8757,6
612,604,Chevrolet,Malibu,2010,Beige,NZC-2573,5
613,322,Ford,Explorer,2020,Red,CVZ-4547,7
614,291,Honda,CR-V,2019,Black,DTS-5031,5
615,822,Volkswagen,Jetta,2014,Red,VFK-9488,5
616,411,Volkswagen,Passat,2016,Black,ZMC-4601,5
617,414,Jeep,Wrangler,2023,Orange,TXE-3128,5
618,410,Honda,CR-V,2012,Green,SHS-5276,5
619,237,Mercedes-Benz,C-Class,2021,Red,YZN-1414,5
620,311,Nissan,Rogue,2012,Black,TVM-0163,5
621,556,Nissan,Sentra,2008,Blue,RNM-4245,5
622,34,BMW,X5,2007,Gold,ALX-3334,5
623,583,Ford,Explorer,2023,Red,UXE-4337,7
624,995,Subaru,Forester,2020,Red,ROM-8534,5
625,598,Mercedes-Benz,GLE,2019,Red,THB-5138,5
626,607,Toyota,Corolla,2023,White,CIJ-3626,5
627,432,Honda,Civic,2005,Brown,CEN-0645,5
628,692,Chevrolet,Tahoe,2005,Blue,PZJ-3581,8
629,998,Ford,Escape,2015,Silver,VRE-2926,5
630,593,Toyota,Sienna,2021,White,GHO-8697,8
631,824,Honda,Accord,2021,White,BUM-2763,5
632,643,BMW,3 Series,2019,Red,IKG-5658,5
633,630,Jeep,Grand Cherokee,2021,Brown,OFZ-7495,5
634,308,Audi,Q5,2023,Silver,OQN-3116,5
635,616,Tesla,Model X,2021,White,VBF-4862,7
636,928,Chevrolet,Silverado,2016,White,DAU-3494,6
637,498,Toyota,RAV4,2012,Black,DGU-6189,5
638,93,Toyota,Corolla,2004,Brown,CPW-9436,5
639,954,Tesla,Model 3,2023,Blue,DCT-9589,5
640,762,Hyundai,Sonata,2014,Silver,CPU-3878,5
641,717,Chevrolet,Silverado,2017,White,CFH-4805,6
642,316,Honda,CR-V,2015,Gray,MGH-7143,5
643,566,Toyota,Corolla,2023,Gold,PVR-9672,5
644,984,Mercedes-Benz,GLE,2014,Red,SXR-5240,5
645,832,Tesla,Model 3,2019,White,YTH-8143,5
646,735,Audi,Q5,2019,Silver,AWV-9448,5
647,29,Tesla,Model X,2016,Green,SNJ-6874,7
648,114,Audi,A4,2007,Red,ELQ-0235,5
649,490,Ford,F-150,2011,Gray,ZVT-8673,6
650,968,Dodge,Durango,2012,White,RVU-1418,7
651,873,Kia,Optima,2013,Black,AOP-2042,5
652,446,Ford,F-150,2005,Silver,LGC-3917,6
653,765,Audi,Q5,2023,Beige,VMF-2982,5
654,150,Volkswagen,Tiguan,2015,Black,WPZ-2644,5
655,893,Toyota,Corolla,2012,Orange,GLG-5604,5
656,241,BMW,5 Series,2018,Red,SST-2003,5
657,310,Volkswagen,Passat,2016,Yellow,YZP-7026,5
658,136,Tesla,Model 3,2022,White,ZOP-2598,5
659,370,Honda,Civic,2013,Blue,LGI-9492,5
660,504,Tesla,Model X,2019,Beige,GVY-5417,7
661,168,Audi,A4,2010,Gray,XQL-1014,5
662,867,Jeep,Grand Cherokee,2019,Silver,ZYB-3744,5
663,600,Dodge,Charger,2010,Black,CWE-1528,5
664,337,Ford,Escape,2023,Yellow,ATE-9240,5
665,851,Toyota,Corolla,2012,Red,RKP-9810,5
666,750,Jeep,Grand Cherokee,2020,Silver,YPA-9693,5
667,409,Dodge,Charger,2010,White,BQI-0093,5
668,978,Chevrolet,Equinox,2013,White,UKA-2346,5
669,853,Nissan,Pathfinder,2009,Black,MLU-3616,7
670,191,Mercedes-Benz,E-Class,2022,Black,LKG-6043,5
671,663,Tesla,Model X,2021,Black,NZR-6795,7
672,536,Hyundai,Sonata,2008,White,LXM-1198,5
673,833,Tesla,Model X,2019,Gray,OXN-5447,7
674,86,Chevrolet,Equinox,2019,White,CNC-6113,5
675,192,Tesla,Model S,2023,White,PLR-6298,5
676,672,Ford,Escape,2010,Black,ZGR-4030,5
677,690,Volkswagen,Passat,2019,Red,WZP-4693,5
678,493,Jeep,Wrangler,2017,Navy,CDE-8610,5
679,23,Nissan,Pathfinder,2009,Red,LQU-1344,7
680,850,Honda,CR-V,2010,Beige,TLM-0422,5
681,298,Tesla,Model 3,2017,White,CWL-4457,5
682,20,Toyota,RAV4,2021,Silver,NSY-9820,5
683,447,Tesla,Model X,2020,Gray,GQX-1664,7
684,863,Toyota,Corolla,2008,White,EIG-2936,5
685,819,Jeep,Grand Cherokee,2019,Black,HSY-8677,5
686,966,Ford,F-150,2023,White,RCM-1147,6
687,516,Volkswagen,Tiguan,2013,White,OZJ-2618,5
688,789,Toyota,RAV4,2008,White,CFO-4977,5
689,986,Kia,Sorento,2016,Brown,WWP-1097,7
690,121,Audi,A4,2009,Orange,UPW-1551,5
691,142,Ford,Escape,2016,Black,HLN-7063,5
692,382,Honda,CR-V,2011,Silver,KTG-8350,5
693,420,Jeep,Grand Cherokee,2018,White,RDT-4284,5
694,323,Volkswagen,Jetta,2021,Navy,JAD-0890,5
695,731,Tesla,Model 3,2023,Black,BTR-6906,5
696,847,Subaru,Outback,2021,Orange,KXS-8733,5
697,354,Chevrolet,Tahoe,2021,Gray,DKQ-8664,8
698,554,Nissan,Pathfinder,2017,Navy,WCN-3785,7
699,248,Chevrolet,Malibu,2011,Black,ONT-1075,5
700,667,Audi,Q5,2013,Blue,ZCB-3630,5
701,643,Honda,CR-V,2019,White,TLZ-8958,5
702,756,Subaru,Outback,2022,Green,GHR-8513,5
703,64,Chevrolet,Silverado,2007,White,PVJ-0780,6
704,511,Tesla,Model X,2017,Silver,LJN-5532,7
705,469,Nissan,Rogue,2021,Yellow,RYT-4154,5
706,617,Honda,Pilot,2022,Brown,DFM-7939,8
707,811,Tesla,Model S,2013,Black,OBD-3934,5
708,561,Honda,Odyssey,2009,Navy,KYH-2170,8
709,621,Mercedes-Benz,C-Class,2008,Brown,KOO-9747,5
710,420,Honda,Pilot,2010,Silver,LLL-8376,8
711,26,Mercedes-Benz,GLE,2013,Beige,IBR-4201,5
712,194,Kia,Optima,2015,Gray,DOF-6505,5
713,860,Audi,A4,2021,Silver,ARN-9228,5
714,25,Kia,Sportage,2020,Black,NIP-4931,5
715,976,Hyundai,Sonata,2016,White,CZO-2171,5
716,332,Tesla,Model S,2022,Black,PIA-0334,5
717,973,Chevrolet,Equinox,2020,Gold,XBG-5255,5
718,987,Honda,CR-V,2013,Black,MKM-4282,5
719,992,Kia,Sportage,2009,White,OUH-4062,5
720,985,Honda,Odyssey,2016,Gray,EGY-9508,8
721,863,Nissan,Sentra,2014,Red,EBX-2269,5
722,144,Nissan,Rogue,2014,Gray,NBT-5331,5
723,771,Dodge,Charger,2023,Yellow,WFN-8896,5
724,945,Jeep,Grand Cherokee,2019,White,RIF-9391,5
725,898,Toyota,Camry,2020,Black,AEO-6430,5
726,397,Nissan,Pathfinder,2007,Gray,XVL-1936,7
727,197,Ford,Explorer,2006,Black,JFA-7767,7
728,621,Honda,Civic,2022,Red,VFZ-9047,5
729,580,Ford,Escape,2005,Black,VKW-5456,5
730,281,Subaru,Forester,2023,Black,PTD-9887,5
731,966,Ford,Mustang,2005,Yellow,SNG-5496,4
732,45,Nissan,Pathfinder,2006,Green,IVK-1545,7
733,756,Dodge,Charger,2013,Black,XNI-3388,5
734,828,Ford,Transit,2021,Silver,BGE-3604,8
735,533,Toyota,Corolla,2021,Navy,YVG-4988,5
736,321,Chevrolet,Silverado,2006,Navy,QTQ-5000,6
737,54,Jeep,Wrangler,2007,Navy,BUB-6410,5
738,439,Chevrolet,Malibu,2017,Silver,QKW-7644,5
739,70,Nissan,Sentra,2008,White,YUL-3115,5
740,46,Kia,Sportage,2012,Beige,DNJ-4611,5
741,317,Toyota,Highlander,2012,White,LYT-3871,7
742,56,Nissan,Altima,2015,White,ZNR-1285,5
743,615,Tesla,Model X,2020,Black,FXU-3669,7
744,508,Jeep,Wrangler,2015,Green,OIH-3189,5
745,385,Ford,Transit,2010,Red,SMF-4788,8
746,600,Ford,Escape,2017,Black,ZJB-0121,5
747,183,Audi,A4,2017,Black,AFE-8735,5
748,216,Ford,Mustang,2005,Black,GCV-1683,4
749,67,BMW,3 Series,2020,White,VRY-9988,5
750,944,Honda,CR-V,2009,Brown,DEN-6346,5
751,599,Toyota,RAV4,2012,Green,HDG-6215,5
752,384,Volkswagen,Tiguan,2012,Blue,UUP-1387,5
753,944,Volkswagen,Tiguan,2017,Silver,IJS-7424,5
754,863,Kia,Sportage,2007,White,XLG-2431,5
755,437,Mercedes-Benz,E-Class,2014,Gray,DCL-3546,5
756,924,Tesla,Model Y,2023,Silver,JMH-0420,5
757,206,Honda,Civic,2012,Green,NQU-9000,5
758,876,BMW,X5,2013,Red,GTT-8161,5
759,672,Audi,A4,2023,Beige,AHV-7445,5
760,602,Toyota,Camry,2020,Red,ZYW-2722,5
761,461,Kia,Sorento,2022,Blue,LUI-1762,7
762,430,Kia,Sorento,2008,White,PDY-0883,7
763,339,Tesla,Model X,2021,Blue,RHP-5019,7
764,917,Kia,Optima,2018,Orange,FKN-1154,5
765,396,BMW,3 Series,2008,Black,REV-6019,5
766,161,Chevrolet,Malibu,2011,White,RBB-5184,5
767,727,Honda,CR-V,2009,Gray,MBY-8124,5
768,457,Subaru,Outback,2020,Black,OIF-7429,5
769,662,Toyota,Sienna,2016,Gray,GIO-4400,8
770,751,Volkswagen,Jetta,2016,Blue,SHP-8128,5
771,904,Tesla,Model X,2022,White,RSC-6081,7
772,378,Nissan,Rogue,2017,Red,BSX-9471,5
773,692,Toyota,Sienna,2007,Silver,UKE-2006,8
774,767,Dodge,Durango,2022,White,TWK-0193,7
775,859,Volkswagen,Jetta,2020,Silver,CRS-4421,5
776,367,Toyota,Corolla,2022,Black,HNK-0761,5
777,676,Ford,Explorer,2012,Blue,XNL-0656,7
778,205,Honda,Accord,2015,Red,LPB-3229,5
779,851,Honda,Civic,2003,Silver,ZIE-6287,5
780,405,Subaru,Outback,2010,Blue,BNV-3669,5
781,674,Tesla,Model X,2016,White,CIA-6022,7
782,945,Chevrolet,Tahoe,2016,Black,XKT-4977,8
783,180,Kia,Optima,2011,White,CIQ-3971,5
784,516,Nissan,Rogue,2018,Orange,RBA-9457,5
785,384,Kia,Sportage,2006,White,QXI-7760,5
786,138,Volkswagen,Tiguan,2013,Black,JQG-7948,5
787,340,Chevrolet,Tahoe,2015,Red,TNZ-6208,8
788,534,BMW,X5,2014,White,BXZ-8628,5
789,94,BMW,5 Series,2011,Silver,AWB-1612,5
790,181,Ford,Explorer,2023,Green,YGC-7372,7
791,387,Nissan,Altima,2012,White,OZF-8493,5
792,875,Ford,F-150,2019,Silver,NTT-8703,6
793,74,Honda,Civic,2012,Gray,DSG-4436,5
794,426,BMW,X5,2011,Blue,FXA-8734,5
795,580,Tesla,Model 3,2022,White,MQP-4093,5
796,60,Ford,F-150,2010,Blue,YUT-3763,6
797,661,Nissan,Pathfinder,2017,Beige,TGA-8666,7
798,95,Honda,Odyssey,2013,Gray,YDG-5611,8
799,310,Nissan,Pathfinder,2017,Silver,PXN-1482,7
800,796,Hyundai,Elantra,2023,Red,JIK-8706,5
801,793,Mercedes-Benz,C-Class,2010,White,FTS-0140,5
802,972,Jeep,Wrangler,2018,Gray,RTE-3711,5
803,452,Honda,CR-V,2019,Gray,FFT-8198,5
804,689,Nissan,Rogue,2011,Brown,EHJ-2354,5
805,385,Audi,A4,2009,Black,GYR-7027,5
806,323,Nissan,Altima,2021,Orange,TYM-3438,5
807,743,Chevrolet,Silverado,2015,Red,JBJ-3146,6
808,487,Honda,Pilot,2006,Gray,WHS-8366,8
809,754,Hyundai,Elantra,2019,Red,AQY-3689,5
810,675,BMW,5 Series,2020,White,MTU-3994,5
811,131,Jeep,Wrangler,2008,Blue,HFD-5585,5
812,554,Volkswagen,Tiguan,2021,Black,VZZ-4894,5
813,925,Chevrolet,Silverado,2011,White,TRC-4719,6
814,504,Mercedes-Benz,GLE,2022,White,SRY-6696,5
815,391,Honda,Civic,2013,Brown,YTP-6377,5
816,193,Nissan,Pathfinder,2022,Gold,LGG-2135,7
817,398,Dodge,Durango,2011,Gray,DIJ-7351,7
818,873,Tesla,Model X,2020,Navy,UYD-6510,7
819,821,Volkswagen,Jetta,2015,Black,YVM-4616,5
820,507,Jeep,Wrangler,2006,Gray,IZD-9748,5
821,946,Chevrolet,Malibu,2017,Black,VDS-8927,5
822,433,Audi,Q5,2011,Green,SHV-9103,5
823,404,Subaru,Forester,2020,Yellow,TKN-2618,5
824,453,Honda,Accord,2007,White,UWB-9365,5
825,695,Jeep,Wrangler,2020,White,DFT-7075,5
826,528,Honda,Odyssey,2017,Gold,LVY-0910,8
827,978,Nissan,Pathfinder,2015,Gray,ZQK-0246,7
828,456,Ford,Explorer,2018,Navy,ZRC-4836,7
829,281,Mercedes-Benz,E-Class,2006,Black,CMR-5055,5
830,931,Jeep,Wrangler,2008,Navy,EMQ-4500,5
831,552,Hyundai,Tucson,2011,Silver,SKV-7508,5
832,322,Jeep,Grand Cherokee,2008,Blue,FRD-8604,5
833,373,Honda,CR-V,2006,Black,FEO-8095,5
834,456,Hyundai,Tucson,2011,Silver,YAH-9576,5
835,243,Honda,Pilot,2021,Blue,NZJ-5208,8
836,433,Toyota,RAV4,2012,Black,WFD-5527,5
837,549,Toyota,Sienna,2021,White,JXK-0246,8
838,168,Ford,Escape,2007,Red,HQQ-7565,5
839,417,Tesla,Model S,2014,White,UJZ-2256,5
840,993,Toyota,Sienna,2014,Red,JIH-8203,8
841,358,Ford,Transit,2016,Gold,UDN-8580,8
842,760,Jeep,Wrangler,2023,Brown,OPX-1933,5
843,147,Subaru,Forester,2022,Gray,WKP-2676,5
844,188,Mercedes-Benz,GLE,2019,Blue,BSZ-7267,5
845,879,Tesla,Model Y,2022,Navy,NHL-9883,5
846,762,Honda,Civic,2012,Silver,ICC-7910,5
847,702,Chevrolet,Malibu,2022,Beige,VAY-6914,5
848,251,Subaru,Forester,2022,Blue,KQX-7777,5
849,527,Dodge,Durango,2009,Gray,ZRW-5208,7
850,121,Mercedes-Benz,C-Class,2007,Silver,JJC-9257,5
851,528,Chevrolet,Malibu,2014,Silver,GAQ-3999,5
852,740,Toyota,RAV4,2020,Brown,WBA-4213,5
853,160,Ford,Explorer,2018,White,CMC-5114,7
854,673,Audi,Q5,2019,White,MJJ-8529,5
855,432,Tesla,Model Y,2021,Black,TAW-7121,5
856,820,Dodge,Durango,2018,Beige,EFM-6245,7
857,111,Subaru,Forester,2009,White,TWN-9831,5
858,445,Toyota,Corolla,2007,Black,NTG-6397,5
859,270,Volkswagen,Passat,2014,White,CLQ-7121,5
860,876,Jeep,Wrangler,2012,Red,LMU-1761,5
861,53,Kia,Sportage,2010,White,DAZ-9460,5
862,113,Mercedes-Benz,GLE,2016,Gray,SZF-4040,5
863,218,Chevrolet,Tahoe,2016,White,JKI-0007,8
864,700,Chevrolet,Malibu,2020,White,PLG-4316,5
865,394,Kia,Sorento,2012,White,TJU-5362,7
866,948,Honda,Civic,2006,Black,TDP-9617,5
867,429,Honda,Accord,2005,Gold,QHM-7511,5
868,447,Kia,Sorento,2016,Brown,TVO-3361,7
869,580,Toyota,Sienna,2019,Silver,YNA-5610,8
870,799,Toyota,Highlander,2014,Blue,KRW-9173,7
871,516,Mercedes-Benz,GLE,2016,Gray,FAO-5095,5
872,655,Jeep,Grand Cherokee,2021,White,WHG-1252,5
873,356,Honda,Odyssey,2013,Beige,HUQ-2850,8
874,641,Nissan,Rogue,2019,White,YWG-1829,5
875,109,Toyota,Camry,2016,White,ZEZ-5977,5
876,645,Dodge,Charger,2018,Gold,GQP-2432,5
877,884,Audi,A4,2018,Black,GSJ-9011,5
878,193,Ford,Explorer,2012,Gray,YEH-3886,7
879,618,Toyota,Sienna,2008,Black,GXZ-1578,8
880,962,Honda,Accord,2015,White,CAV-9172,5
881,778,Nissan,Rogue,2008,Navy,AUO-8801,5
882,46,Kia,Optima,2020,Navy,HMG-5250,5
883,672,Honda,Accord,2020,White,NVD-9041,5
884,980,Chevrolet,Malibu,2012,Beige,RRS-9492,5
885,343,Chevrolet,Malibu,2016,Black,IJY-0014,5
886,678,Nissan,Altima,2010,Red,DRH-8319,5
887,400,Mercedes-Benz,E-Class,2014,Navy,SBA-9163,5
888,362,Tesla,Model Y,2023,Navy,CLS-1317,5
889,429,BMW,5 Series,2021,Silver,SKU-3862,5
890,831,Kia,Sorento,2023,Gray,MNF-0757,7
891,62,Dodge,Durango,2015,Blue,GAZ-0599,7
892,249,Mercedes-Benz,C-Class,2017,Green,WVH-1899,5
893,719,Ford,Escape,2012,Black,DZS-3093,5
894,834,Honda,Accord,2021,Black,VWA-3005,5
895,661,Tesla,Model S,2014,Navy,MDN-9474,5
896,697,Jeep,Wrangler,2005,White,EWA-7508,5
897,387,Volkswagen,Jetta,2022,Blue,GOH-2920,5
898,489,Honda,Pilot,2012,Silver,BKV-9606,8
899,867,BMW,5 Series,2018,Green,EUQ-1106,5
900,952,BMW,X5,2007,White,ECF-0912,5
901,9,Toyota,RAV4,2013,White,ZOO-7039,5
902,919,Mercedes-Benz,C-Class,2015,Gold,NIK-3163,5
903,699,Dodge,Durango,2011,Silver,UAU-4801,7
904,987,Volkswagen,Jetta,2007,Brown,CSW-8671,5
905,963,Hyundai,Elantra,2022,Yellow,PNT-4126,5
906,510,Tesla,Model X,2015,Brown,UKF-6016,7
907,957,Honda,Accord,2003,Black,WOZ-7003,5
908,782,Chevrolet,Malibu,2010,Black,OJB-7499,5
909,452,Tesla,Model Y,2021,Gold,ZMJ-2466,5
910,636,Mercedes-Benz,E-Class,2022,Green,YJR-5286,5
911,75,Nissan,Pathfinder,2006,Blue,GVA-8213,7
912,111,Ford,Transit,2016,Brown,RJM-5811,8
913,466,Tesla,Model 3,2023,Silver,KBI-6271,5
914,371,Toyota,RAV4,2023,Black,MQI-0639,5
915,281,Tesla,Model X,2022,White,FAT-4211,7
916,924,Tesla,Model 3,2017,White,SWN-6280,5
917,448,Tesla,Model X,2020,Gold,HFY-4579,7
918,844,Mercedes-Benz,C-Class,2018,Green,OXF-7516,5
919,740,Dodge,Charger,2016,Black,XYM-3762,5
920,714,Toyota,Camry,2019,Gold,WQQ-5071,5
921,310,Hyundai,Tucson,2011,Gray,FFE-6933,5
922,998,BMW,3 Series,2022,Green,DMZ-4384,5
923,706,Audi,A4,2016,Black,ELE-5538,5
924,17,Subaru,Forester,2018,Red,SYX-0080,5
925,873,Nissan,Sentra,2018,Black,TQO-6586,5
926,423,Tesla,Model S,2015,White,LJF-4199,5
927,425,Nissan,Pathfinder,2017,Black,JFH-8287,7
928,326,Subaru,Forester,2012,Black,XAA-7857,5
929,592,BMW,X5,2012,Gold,ZGZ-1688,5
930,130,Tesla,Model X,2017,Gold,KSK-3127,7
931,96,Hyundai,Elantra,2009,Red,UVQ-2592,5
932,752,Toyota,Corolla,2016,Black,UDQ-5950,5
933,827,Honda,Pilot,2020,Red,UEQ-2187,8
934,950,Mercedes-Benz,GLE,2022,White,BCD-0981,5
935,503,Nissan,Altima,2008,Black,HXC-4383,5
936,185,Toyota,Corolla,2016,Black,YBR-3398,5
937,615,BMW,3 Series,2006,Beige,RQW-1339,5
938,888,Hyundai,Tucson,2006,Black,TYF-0051,5
939,95,Mercedes-Benz,E-Class,2009,Beige,ADC-6121,5
940,867,Mercedes-Benz,C-Class,2023,Red,MVL-9921,5
941,457,Jeep,Grand Cherokee,2013,Gold,CUP-1274,5
942,172,Tesla,Model X,2019,Navy,QPL-5360,7
943,829,Toyota,RAV4,2022,White,KPW-9531,5
944,12,BMW,5 Series,2019,Navy,JBR-3713,5
945,575,Jeep,Grand Cherokee,2015,White,OIG-0222,5
946,48,Chevrolet,Tahoe,2007,Gray,QRL-8104,8
947,590,Chevrolet,Tahoe,2018,Black,LPP-2007,8
948,98,Toyota,Camry,2019,White,VKX-9060,5
949,466,Tesla,Model S,2023,White,IIC-7402,5
950,331,Volkswagen,Tiguan,2022,Red,XVY-1281,5
951,54,Jeep,Wrangler,2018,White,CSV-8506,5
952,142,Chevrolet,Equinox,2009,Black,YBI-6821,5
953,535,Kia,Sportage,2020,Black,IDP-8866,5
954,85,Hyundai,Sonata,2013,Gray,RZI-7222,5
955,687,Mercedes-Benz,C-Class,2023,Green,GQW-6042,5
956,320,Ford,Escape,2019,Green,ECF-5587,5
957,208,Jeep,Grand Cherokee,2019,Red,WCD-9346,5
958,763,Audi,Q5,2015,Black,HEH-8618,5
959,363,Honda,CR-V,2012,Black,LGM-5315,5
960,433,Tesla,Model X,2018,Black,NNB-2067,7
961,114,Ford,Mustang,2014,Black,EHP-5102,4
962,402,Ford,Transit,2011,Black,AGB-1267,8
963,295,Tesla,Model 3,2017,White,VRM-1267,5
964,72,Dodge,Charger,2006,Black,NSM-3923,5
965,175,Ford,F-150,2009,White,LZR-4098,6
966,298,Subaru,Forester,2005,Gray,ZPM-2185,5
967,559,Ford,Transit,2018,Silver,TUC-8343,8
968,864,Chevrolet,Equinox,2023,White,LVH-3568,5
969,510,Nissan,Altima,2020,Black,RSA-9861,5
970,281,Toyota,Corolla,2010,Gray,SLF-0931,5
971,283,Nissan,Rogue,2022,Orange,WEX-3359,5
972,296,BMW,3 Series,2012,Black,NIP-4497,5
973,296,Honda,CR-V,2005,Silver,RMD-9663,5
974,1,Toyota,Sienna,2013,Black,BHP-0346,8
975,147,Toyota,Highlander,2016,Black,WUN-9597,7
976,409,Dodge,Charger,2012,Silver,XHA-9263,5
977,257,Honda,Accord,2011,Beige,PEL-8817,5
978,448,Honda,Pilot,2019,Gray,HCO-6538,8
979,473,Honda,Accord,2007,Gray,SNR-3349,5
980,636,Toyota,Corolla,2020,Black,TCD-9753,5
981,87,Hyundai,Tucson,2015,Black,VDR-4758,5
982,759,Toyota,Highlander,2016,Green,QIC-2430,7
983,873,Kia,Sportage,2022,Blue,BFD-7426,5
984,902,Honda,Odyssey,2014,Red,SYU-6201,8
985,189,Honda,CR-V,2021,Black,FMV-4014,5
986,763,Chevrolet,Silverado,2021,White,PLR-1101,6
987,684,Subaru,Outback,2012,Black,TOM-2694,5
988,595,Chevrolet,Tahoe,2017,White,UMV-1213,8
989,284,BMW,3 Series,2007,Red,XQB-9947,5
990,361,Toyota,Camry,2010,White,WNJ-7306,5
991,661,Nissan,Pathfinder,2023,White,SUH-7339,7
992,603,Volkswagen,Passat,2017,Gold,PES-5626,5
993,696,Kia,Sportage,2017,Gray,VBA-7264,5
994,774,Volkswagen,Passat,2015,Blue,ZVT-2818,5
995,179,Tesla,Model S,2013,Black,GAT-4360,5
996,207,BMW,5 Series,2009,Blue,JZO-1242,5
997,144,Dodge,Durango,2013,Silver,NUC-0900,7
998,195,Toyota,Camry,2016,Navy,OWI-6975,5
999,895,Ford,Escape,2023,Green,NJX-8846,5
1000,964,Toyota,Sienna,2022,Black,UHD-2632,8
